,movieCd,movieNm,showTm,prdtYear,openDt,prdtStatNm,typeNm,nations,gradeNm
0,20192206,백두산,128,2019,20191219,개봉,장편,[{'nationNm': '한국'}],12세이상관람가
0,20184571,천문: 하늘에 묻는다,132,2019,20191226,개봉,장편,[{'nationNm': '한국'}],12세이상관람가
0,20196272,미드웨이,138,2019,20191231,개봉,장편,[{'nationNm': '미국'}],15세이상관람가
0,20198414,시동,101,2019,20191218,개봉,장편,[{'nationNm': '한국'}],15세이상관람가
0,20197803,겨울왕국 2,103,2019,20191121,개봉,장편,[{'nationNm': '미국'}],전체관람가
0,20198374,신비아파트 극장판 하늘도깨비 대 요르문간드,96,2019,20191219,개봉,장편,[{'nationNm': '한국'}],전체관람가
0,20192401,포드 V 페라리,152,2019,20191204,개봉,장편,[{'nationNm': '미국'}],12세이상관람가
0,20191408,21 브릿지: 테러 셧다운,99,2019,20200101,개봉,장편,[{'nationNm': '미국'}],15세이상관람가
0,20198430,나이브스 아웃,130,2018,20191204,개봉,장편,[{'nationNm': '미국'}],12세이상관람가
0,20199981,눈의 여왕4,87,2019,20191224,개봉,장편,[{'nationNm': '러시아'}],전체관람가
0,20199581,닥터 두리틀,101,2019,20200108,개봉,장편,[{'nationNm': '미국'}],전체관람가
0,20195462,스타워즈: 라이즈 오브 스카이워커,141,2019,20200108,개봉,장편,[{'nationNm': '미국'}],12세이상관람가
0,20183002,해치지않아,117,2019,20200115,개봉,장편,[{'nationNm': '한국'}],12세이상관람가
0,20196670,나쁜 녀석들: 포에버,123,2019,20200115,개봉,장편,[{'nationNm': '미국'}],청소년관람불가
0,20198676,타오르는 여인의 초상,121,2019,20200116,개봉,장편,[{'nationNm': '프랑스'}],15세이상관람가
0,20180939,남산의 부장들,113,2019,20200122,개봉,장편,[{'nationNm': '한국'}],15세이상관람가
0,20192101,히트맨,109,2019,20200122,개봉,장편,[{'nationNm': '한국'}],15세이상관람가
0,20188421,미스터 주: 사라진 VIP,113,2018,20200122,개봉,장편,[{'nationNm': '한국'}],12세이상관람가
0,20192300,스파이 지니어스,101,2019,20200122,개봉,장편,[{'nationNm': '미국'}],전체관람가
0,20192604,오즈의 마법사: 요술구두와 말하는 책,76,2019,20200122,개봉,장편,[{'nationNm': '러시아'}],전체관람가
0,20100312,인셉션,147,2010,20100721,개봉,장편,[{'nationNm': '미국'}],12세이상관람가
0,20182447,클로젯,97,2018,20200205,개봉,장편,[{'nationNm': '한국'}],15세이상관람가
0,20198431,버즈 오브 프레이(할리 퀸의 황홀한 해방),108,2020,20200205,개봉,장편,[{'nationNm': '미국'}],15세이상관람가
0,20192984,극장판 미니특공대: 공룡왕 디노,73,2019,20200206,개봉,장편,[{'nationNm': '한국'}],전체관람가
0,20197390,조조 래빗,108,2019,20200205,개봉,장편,[{'nationNm': '미국'}],12세이상관람가
0,20191109,페인 앤 글로리,113,2019,20200205,개봉,장편,[{'nationNm': '스페인'}],청소년관람불가
0,20193321,정직한 후보,104,2019,20200212,개봉,장편,[{'nationNm': '한국'}],12세이상관람가
0,20192240,작은 아씨들,134,2019,20200212,개봉,장편,[{'nationNm': '미국'}],전체관람가
0,20183782,기생충,131,2019,20190530,개봉,장편,[{'nationNm': '한국'}],15세이상관람가
0,20184891,수퍼 소닉,98,2019,20200212,개봉,장편,[{'nationNm': '미국'}],전체관람가
0,20180962,지푸라기라도 잡고 싶은 짐승들,108,2018,20200219,개봉,장편,[{'nationNm': '한국'}],청소년관람불가
0,20192399,1917,119,2019,20200219,개봉,장편,[{'nationNm': '미국'}],15세이상관람가
0,20193911,"하이, 젝시",84,2019,20200219,개봉,장편,[{'nationNm': '미국'}],15세이상관람가
0,20193288,숀더쉽 더 무비: 꼬마 외계인 룰라!,87,2019,20200219,개봉,장편,[{'nationNm': '영국'}],전체관람가
0,20199842,인비저블맨,124,2020,20200226,개봉,장편,[{'nationNm': '미국'}],15세이상관람가
0,20193526,젠틀맨,113,2020,20200226,개봉,장편,[{'nationNm': '미국'}],청소년관람불가
0,20040598,해리포터와 아즈카반의 죄수,136,2004,20040716,개봉,장편,[{'nationNm': '미국'}],전체관람가
0,20204681,더 보이 2: 돌아온 브람스,86,2020,20200305,개봉,장편,[{'nationNm': '미국'}],15세이상관람가
0,20190864,울프 콜,115,2019,20200305,개봉,장편,[{'nationNm': '프랑스'}],15세이상관람가
0,20135428,어바웃 타임,123,2013,20131205,개봉,장편,[{'nationNm': '영국'}],15세이상관람가
0,20204791,다크 워터스,127,2019,20200311,개봉,장편,[{'nationNm': '미국'}],12세이상관람가
0,20180523,스타 이즈 본,135,2018,20181009,개봉,장편,[{'nationNm': '미국'}],15세이상관람가
0,20010238,메멘토,113,2000,20010824,개봉,장편,[{'nationNm': '미국'}],15세관람가
0,20205096,세인트 아가타,103,2019,20200319,개봉,장편,[{'nationNm': '미국'}],청소년관람불가
0,20167542,분노의 질주: 더 익스트림,136,2017,20170412,개봉,장편,"[{'nationNm': '미국'}, {'nationNm': '일본'}, {'nationNm': '프랑스'}, {'nationNm': '캐나다'}]",15세이상관람가
0,20204107,주디,117,2019,20200325,개봉,장편,[{'nationNm': '영국'}],12세이상관람가
0,20205708,스케어리 스토리:어둠의 속삭임,108,2019,20200325,개봉,장편,[{'nationNm': '미국'}],15세이상관람가
0,20167904,라라랜드,127,2016,20161207,개봉,장편,[{'nationNm': '미국'}],12세이상관람가
0,20190280,날씨의 아이,112,2019,20191030,개봉,장편,[{'nationNm': '일본'}],15세이상관람가
0,20206424,사랑하고 있습니까,107,2019,20200325,개봉,장편,[{'nationNm': '한국'}],12세이상관람가
0,20090528,페임,122,2009,20090924,개봉,장편,[{'nationNm': '미국'}],12세이상관람가
0,20205262,엽문4: 더 파이널,104,2019,20200401,개봉,장편,[{'nationNm': '홍콩'}],12세이상관람가
0,20205841,더 터닝,94,2020,20200402,개봉,장편,[{'nationNm': '미국'}],15세이상관람가
0,20206446,n번째 이별 중,104,2018,20200401,개봉,장편,[{'nationNm': '미국'}],12세이상관람가
0,20206402,오픈 더 도어,88,2019,20200408,개봉,장편,[{'nationNm': '러시아'}],15세이상관람가
0,20205902,신과 나: 100일간의 거래,136,2018,20200408,개봉,장편,[{'nationNm': '기타'}],15세이상관람가
0,20176767,"나는 내일, 어제의 너와 만난다",110,2016,20171012,개봉,장편,[{'nationNm': '일본'}],12세이상관람가
0,20206190,서치 아웃,92,2019,20200415,개봉,장편,[{'nationNm': '한국'}],15세이상관람가
0,20206021,건즈 아킴보,97,2020,20200415,개봉,장편,[{'nationNm': '영국'}],청소년관람불가
0,20204741,비밀정보원: 인 더 프리즌,113,2019,20200415,개봉,장편,[{'nationNm': '영국'}],청소년관람불가
0,20196716,유령선,48,2019,20200415,개봉,장편,[{'nationNm': '한국'}],12세이상관람가
0,20206447,라라걸,98,2019,20200415,개봉,장편,[{'nationNm': '호주'}],전체관람가
0,20161827,로건,137,2017,20170301,개봉,장편,[{'nationNm': '미국'}],청소년관람불가
0,20124721,어벤져스,142,2012,20120426,개봉,장편,[{'nationNm': '미국'}],12세이상관람가
0,20148493,어벤져스: 에이지 오브 울트론,141,2014,20150423,개봉,장편,[{'nationNm': '미국'}],12세이상관람가
0,20206865,애프터 웨딩 인 뉴욕,111,2019,20200423,개봉,장편,[{'nationNm': '영국'}],12세이상관람가
0,19888010,시네마 천국,124,1988,19900707,개봉,장편,"[{'nationNm': '프랑스'}, {'nationNm': '이탈리아'}]",전체관람가
0,20205402,트롤: 월드 투어,90,2020,20200429,개봉,장편,[{'nationNm': '미국'}],전체관람가
0,20197397,나의 청춘은 너의 것,91,2019,20200429,개봉,장편,[{'nationNm': '대만'}],12세이상관람가
0,20181685,호텔 레이크,100,2020,20200429,개봉,장편,[{'nationNm': '한국'}],15세이상관람가
0,20173226,패왕별희 디 오리지널,171,1993,20170330,개봉,장편,[{'nationNm': '중국'}],15세이상관람가
0,20207722,저 산 너머,111,2019,20200430,개봉,장편,[{'nationNm': '한국'}],12세이상관람가
0,20184889,어벤져스: 엔드게임,180,2018,20190424,개봉,장편,[{'nationNm': '미국'}],12세이상관람가
0,20206441,마이 스파이,100,2020,20200429,개봉,장편,[{'nationNm': '미국'}],12세이상관람가
0,20177478,어벤져스: 인피니티 워,149,2018,20180425,개봉,장편,[{'nationNm': '미국'}],12세이상관람가
0,20207341,레이니 데이 인 뉴욕,92,2019,20200506,개봉,장편,[{'nationNm': '미국'}],15세이상관람가
0,20207893,프리즌 이스케이프,106,2020,20200506,개봉,장편,"[{'nationNm': '영국'}, {'nationNm': '호주'}]",12세이상관람가
0,20208282,더 플랫폼,94,2019,20200513,개봉,장편,[{'nationNm': '스페인'}],청소년관람불가
0,20208686,콜 오브 와일드,99,2019,20200514,개봉,장편,[{'nationNm': '미국'}],12세이상관람가
0,20113252,톰보이,81,2011,20200514,개봉,장편,[{'nationNm': '프랑스'}],12세이상관람가
0,20204501,레미제라블: 뮤지컬 콘서트,166,2019,20200513,개봉,장편,[{'nationNm': '미국'}],12세이상관람가
0,20208562,씨 피버,93,2019,20200513,개봉,장편,"[{'nationNm': '아일랜드'}, {'nationNm': '스웨덴'}, {'nationNm': '벨기에'}, {'nationNm': '영국'}]",15세이상관람가
0,20179462,위대한 쇼맨,104,2017,20171220,개봉,장편,[{'nationNm': '미국'}],12세이상관람가
0,20208122,카페 벨에포크,115,2019,20200520,개봉,장편,[{'nationNm': '프랑스'}],15세이상관람가
0,20189987,킬러의 보디가드 무삭제 특별판,125,2017,20180912,개봉,장편,[{'nationNm': '미국'}],청소년관람불가
0,20208663,라스트 풀 메저,115,2019,20200520,개봉,장편,[{'nationNm': '미국'}],15세이상관람가
0,20209161,언더워터,94,2019,20200527,개봉,장편,[{'nationNm': '미국'}],15세이상관람가
0,20207501,그집,104,2020,20200527,개봉,장편,[{'nationNm': '스페인'}],15세이상관람가
0,20208264,미스비헤이비어,106,2020,20200527,개봉,장편,[{'nationNm': '영국'}],15세이상관람가
0,20196782,초미의 관심사,92,2019,20200527,개봉,장편,[{'nationNm': '한국'}],15세이상관람가
0,20209029,아홉 스님,71,2020,20200527,개봉,장편,[{'nationNm': '한국'}],전체관람가
0,20197863,침입자,102,2019,20200604,개봉,장편,[{'nationNm': '한국'}],15세이상관람가
0,20144741,매드 맥스: 분노의 도로,120,2015,20150514,개봉,장편,"[{'nationNm': '미국'}, {'nationNm': '호주'}]",15세이상관람가
0,20190461,프랑스여자,88,2019,20200604,개봉,장편,[{'nationNm': '한국'}],15세이상관람가
0,20203921,슈퍼스타 뚜루,79,2019,20200604,개봉,장편,[{'nationNm': '스페인'}],전체관람가
0,20128386,라이프 오브 파이,126,2012,20130101,개봉,장편,[{'nationNm': '미국'}],전체관람가
0,20183813,결백,110,2019,20200610,개봉,장편,[{'nationNm': '한국'}],15세이상관람가
0,20205481,에어로너츠,100,2019,20200610,개봉,장편,"[{'nationNm': '영국'}, {'nationNm': '미국'}]",12세이상관람가
0,20209463,나의 첫 번째 슈퍼스타,113,2020,20200610,개봉,장편,[{'nationNm': '미국'}],12세이상관람가
0,20198890,아이즈 온 미 : 더 무비,104,2019,20200610,개봉,장편,[{'nationNm': '한국'}],전체관람가
0,20178522,콜 미 바이 유어 네임,131,2017,20180322,개봉,장편,"[{'nationNm': '이탈리아'}, {'nationNm': '프랑스'}, {'nationNm': '브라질'}, {'nationNm': '미국'}]",청소년관람불가
0,20188124,레옹 디 오리지널,110,1994,20200611,개봉,장편,[{'nationNm': '프랑스'}],청소년관람불가
0,20191048,온워드: 단 하루의 기적,102,2020,20200617,개봉,장편,[{'nationNm': '미국'}],전체관람가
0,20193859,사라진 시간,104,2019,20200618,개봉,장편,[{'nationNm': '한국'}],15세이상관람가
0,20196702,야구소녀,104,2019,20200618,개봉,장편,[{'nationNm': '한국'}],12세이상관람가
0,20184842,아이 캔 온리 이매진,110,2018,20180621,개봉,장편,[{'nationNm': '미국'}],12세이상관람가
0,20193069,#살아있다,97,2019,20200624,개봉,장편,[{'nationNm': '한국'}],15세이상관람가
0,20050112,배트맨 비긴즈,134,2005,20050624,개봉,장편,[{'nationNm': '미국'}],12세관람가
0,20209644,엔딩스 비기닝스,110,2019,20200624,개봉,장편,"[{'nationNm': '미국'}, {'nationNm': '한국'}]",15세이상관람가
0,20090161,슬럼독 밀리어네어,120,2008,20090319,개봉,장편,"[{'nationNm': '영국'}, {'nationNm': '미국'}]",15세이상관람가
0,20196201,소리꾼,118,2020,20200701,개봉,장편,[{'nationNm': '한국'}],12세이상관람가
0,20081056,다크 나이트,152,2008,20080806,개봉,장편,[{'nationNm': '미국'}],15세이상관람가
0,20208617,인베이젼 2020,130,2020,20200701,개봉,장편,[{'nationNm': '러시아'}],12세이상관람가
0,20200361,"아무튼, 아담",100,2020,20200702,개봉,장편,[{'nationNm': '미국'}],15세이상관람가
0,20200836,트로이 디렉터스 컷,196,2004,20200703,개봉,장편,[{'nationNm': '미국'}],청소년관람불가
0,20204644,밤쉘: 세상을 바꾼 폭탄선언,108,2019,20200708,개봉,장편,"[{'nationNm': '미국'}, {'nationNm': '캐나다'}]",15세이상관람가
0,20112703,다크 나이트 라이즈,164,2012,20120719,개봉,장편,"[{'nationNm': '미국'}, {'nationNm': '영국'}]",15세이상관람가
0,20200162,소년시절의 너,135,2019,20200709,개봉,장편,[{'nationNm': '중국'}],15세이상관람가
0,20201421,BIFAN2020 판타스틱 단편 걸작선 1,82,2020,,기타,옴니버스,[{'nationNm': '기타'}],
0,20112561,원 데이,107,2011,20121213,개봉,장편,[{'nationNm': '미국'}],15세이상관람가
0,20208182,그레텔과 헨젤,87,2020,20200708,개봉,장편,[{'nationNm': '캐나다'}],15세이상관람가
0,20193450,반도,115,2020,20200715,개봉,장편,[{'nationNm': '한국'}],15세이상관람가
0,20200845,비바리움,97,2019,20200716,개봉,장편,"[{'nationNm': '미국'}, {'nationNm': '덴마크'}, {'nationNm': '벨기에'}, {'nationNm': '아일랜드'}]",15세이상관람가
0,20188364,맛있는 녀석들,98,2018,20200716,개봉,장편,[{'nationNm': '중국'}],전체관람가
0,20209961,지저귀는 새는 날지 않는다,85,2020,20200716,개봉,장편,[{'nationNm': '일본'}],청소년관람불가
0,20183867,알라딘,127,2018,20190523,개봉,장편,[{'nationNm': '미국'}],전체관람가
0,20200749,파리의 인어,102,2020,20200723,개봉,장편,[{'nationNm': '프랑스'}],12세이상관람가
0,20201265,팬데믹,97,2020,20200722,개봉,장편,[{'nationNm': '미국'}],15세이상관람가
0,20209882,블루 아워,91,2019,20200722,개봉,장편,[{'nationNm': '일본'}],12세이상관람가
0,20192522,슈퍼 레이스,89,2020,20200723,개봉,장편,[{'nationNm': '캐나다'}],전체관람가
0,20196271,강철비2: 정상회담,131,2019,20200729,개봉,장편,[{'nationNm': '한국'}],15세이상관람가
0,20200491,빅샤크3: 젤리몬스터 대소동,76,2019,20200729,개봉,장편,[{'nationNm': '중국'}],전체관람가
0,20173901,존 윅: 특별판,107,2014,20170330,개봉,장편,[{'nationNm': '미국'}],청소년관람불가
0,20209107,세인트 주디,106,2017,20200729,개봉,장편,[{'nationNm': '미국'}],12세이상관람가
0,20197922,다만 악에서 구하소서,107,2019,20200805,개봉,장편,[{'nationNm': '한국'}],15세이상관람가
0,20201287,애니멀 크래커,94,2017,20200805,개봉,장편,[{'nationNm': '미국'}],전체관람가
0,20164721,미녀와 야수,129,2017,20170316,개봉,장편,[{'nationNm': '미국'}],전체관람가
0,20199883,오케이 마담,100,2019,20200812,개봉,장편,[{'nationNm': '한국'}],15세이상관람가
0,20188362,더 프린세스 : 도둑맞은 공주,88,2018,20200812,개봉,장편,[{'nationNm': '우크라이나'}],전체관람가
0,20201968,반교: 디텐션,102,2019,20200813,개봉,장편,[{'nationNm': '기타'}],15세이상관람가
0,20205970,워터 릴리스,83,2007,20200813,개봉,장편,[{'nationNm': '프랑스'}],15세이상관람가
0,20201122,테넷,149,2020,20200826,개봉,장편,[{'nationNm': '미국'}],12세이상관람가
0,20202281,극장판 짱구는 못말려: 신혼여행 허리케인~ 사라진 아빠!,99,2019,20200820,개봉,장편,[{'nationNm': '일본'}],전체관람가
0,20203461,시크릿 가든,99,2020,20200819,개봉,장편,[{'nationNm': '영국'}],전체관람가
0,20196773,남매의 여름밤,104,2019,20200820,개봉,장편,[{'nationNm': '한국'}],전체관람가
0,20197032,후쿠오카,85,2019,20200827,개봉,장편,[{'nationNm': '한국'}],15세이상관람가
0,20193666,오! 문희,109,2020,20200902,개봉,장편,[{'nationNm': '한국'}],12세이상관람가
0,20112692,드라이브,100,2011,20111117,개봉,장편,[{'nationNm': '미국'}],청소년관람불가
0,20202961,고스트 오브 워,94,2020,20200902,개봉,장편,[{'nationNm': '영국'}],15세이상관람가
0,20189973,카일라스 가는 길,89,2018,20200903,개봉,장편,[{'nationNm': '한국'}],전체관람가
0,20205146,아메리칸 잡,91,2019,20200903,개봉,장편,[{'nationNm': '미국'}],15세이상관람가
0,20175405,뉴 뮤턴트,93,2020,20200910,개봉,장편,[{'nationNm': '미국'}],15세이상관람가
0,20201687,기기괴괴 성형수,85,2020,20200909,개봉,장편,[{'nationNm': '한국'}],15세이상관람가
0,20202203,에이바,97,2020,20200909,개봉,장편,[{'nationNm': '미국'}],15세이상관람가
0,20199302,테스와 보낸 여름,84,2019,20200910,개봉,장편,[{'nationNm': '네덜란드'}],전체관람가
0,20193822,뮬란,115,2019,20200917,개봉,장편,[{'nationNm': '미국'}],12세이상관람가
0,20202103,비독: 파리의 황제,120,2018,20200917,개봉,장편,[{'nationNm': '프랑스'}],15세이상관람가
0,20205001,도망친 여자,77,2019,20200917,개봉,장편,[{'nationNm': '한국'}],청소년관람불가
0,20178401,검객,100,2020,20200923,개봉,장편,[{'nationNm': '한국'}],15세이상관람가
0,20190601,디바,84,2020,20200923,개봉,장편,[{'nationNm': '한국'}],15세이상관람가
0,20204684,브레이크 더 사일런스: 더 무비,89,2020,20200924,개봉,장편,[{'nationNm': '한국'}],전체관람가
0,20202341,아웃포스트,123,2020,20200923,개봉,장편,[{'nationNm': '미국'}],15세이상관람가
0,20206178,극장판 엉덩이 탐정: 텐텐마을의 수수께끼,61,2020,20200924,개봉,장편,[{'nationNm': '일본'}],전체관람가
0,20199816,담보,113,2020,20200929,개봉,장편,[{'nationNm': '한국'}],12세이상관람가
0,20184482,국제수사,105,2020,20200929,개봉,장편,[{'nationNm': '한국'}],15세이상관람가
0,20204008,그린랜드,119,2020,20200929,개봉,장편,[{'nationNm': '미국'}],12세이상관람가
0,20190621,죽지않는 인간들의 밤,110,2019,20200929,개봉,장편,[{'nationNm': '한국'}],15세이상관람가
0,20206062,극장판 포켓몬스터 뮤츠의 역습 EVOLUTION,96,2019,20200930,개봉,장편,[{'nationNm': '일본'}],전체관람가
0,20206826,"그대, 고맙소 : 김호중 생애 첫 팬미팅 무비",80,2020,20200929,개봉,장편,[{'nationNm': '한국'}],전체관람가
0,20206588,극장판 미니특공대: 햄버거괴물의 습격,86,2020,20200930,개봉,장편,[{'nationNm': '한국'}],전체관람가
0,20208045,강철비2 : 정상회담 확장판,142,2019,20200930,개봉,장편,[{'nationNm': '한국'}],15세이상관람가
0,20202684,언힌지드,90,2020,20201007,개봉,장편,[{'nationNm': '미국'}],청소년관람불가
0,20202502,애프터: 그 후,105,2020,20201007,개봉,장편,[{'nationNm': '미국'}],15세이상관람가
0,20206362,"어디갔어, 버나뎃",109,2019,20201008,개봉,장편,[{'nationNm': '미국'}],12세이상관람가
0,20194424,소리도 없이,99,2020,20201015,개봉,장편,[{'nationNm': '한국'}],15세이상관람가
0,20183583,폰조,103,2020,20201014,개봉,장편,[{'nationNm': '미국'}],청소년관람불가
0,20208393,극장판 요괴워치: 포에버 프렌즈,99,2019,20201015,개봉,장편,[{'nationNm': '일본'}],전체관람가
0,20181162,돌멩이,106,2018,20201015,개봉,장편,[{'nationNm': '한국'}],12세이상관람가
0,20197121,삼진그룹 영어토익반,110,2020,20201021,개봉,장편,[{'nationNm': '한국'}],12세이상관람가
0,20208508,미스터트롯: 더 무비,119,2020,20201022,개봉,장편,[{'nationNm': '한국'}],전체관람가
0,20203842,페이트 스테이 나이트 헤븐즈필 제3장 스프링 송,122,2020,20201022,개봉,장편,[{'nationNm': '일본'}],15세이상관람가
0,20192271,부니베어: 원시시대 대모험,89,2019,20201022,개봉,장편,[{'nationNm': '중국'}],전체관람가
0,20200145,할로윈: 살인마 잭,83,2018,20200721,개봉,장편,[{'nationNm': '영국'}],15세이상관람가
0,20209005,무협: 더 코드,79,2019,20200622,개봉,장편,[{'nationNm': '미국'}],15세이상관람가
0,20209466,죽이는 여자,82,2019,20200823,개봉,장편,[{'nationNm': '미국'}],청소년관람불가
0,20145141,위플래쉬,106,2014,20150312,개봉,장편,[{'nationNm': '미국'}],15세이상관람가
0,20209304,다만 악에서 구하소서 파이널컷,114,2020,20201028,개봉,장편,[{'nationNm': '한국'}],청소년관람불가
0,20205980,테슬라,102,2020,20201028,개봉,장편,[{'nationNm': '미국'}],12세이상관람가
0,20192193,도굴,114,2020,20201104,개봉,장편,[{'nationNm': '한국'}],12세이상관람가
0,20040734,노트북,123,2004,20041126,개봉,장편,[{'nationNm': '미국'}],15세관람가
0,20202601,렛 힘 고,114,2020,20201105,개봉,장편,[{'nationNm': '미국'}],15세이상관람가
0,20190582,내가 죽던 날,116,2020,20201112,개봉,장편,[{'nationNm': '한국'}],12세이상관람가
0,20206547,극장판 바이올렛 에버가든,139,2020,20201112,개봉,장편,[{'nationNm': '일본'}],전체관람가
0,20208448,극장판 바다 탐험대 옥토넛 : 대산호초 보호작전,45,2020,20201112,개봉,장편,[{'nationNm': '영국'}],전체관람가
0,20204432,애비규환,107,2020,20201112,개봉,장편,[{'nationNm': '한국'}],12세이상관람가
0,20209370,킹덤 오브 헤븐: 디렉터스 컷,189,2005,20201111,개봉,장편,[{'nationNm': '영국'}],15세이상관람가
0,20200294,런,89,2020,20201120,개봉,장편,[{'nationNm': '미국'}],15세이상관람가
0,20200200,추억의 검정고무신,80,2020,20201119,개봉,장편,[{'nationNm': '한국'}],전체관람가
0,20209650,택스 콜렉터,95,2020,20201118,개봉,장편,[{'nationNm': '미국'}],청소년관람불가
0,20208961,마리 퀴리,109,2019,20201118,개봉,장편,[{'nationNm': '프랑스'}],15세이상관람가
0,20181983,이웃사촌,130,2020,20201125,개봉,장편,[{'nationNm': '한국'}],12세이상관람가
0,20201123,프리키 데스데이,102,2020,20201125,개봉,장편,[{'nationNm': '미국'}],청소년관람불가
0,20209771,가나의 혼인잔치: 언약,73,2020,20201126,개봉,장편,[{'nationNm': '미국'}],전체관람가
0,20200554,더 프롬,131,2020,20201202,개봉,장편,[{'nationNm': '미국'}],12세이상관람가
0,20206710,파티마의 기적,113,2020,20201203,개봉,장편,[{'nationNm': '미국'}],12세이상관람가
0,20197853,잔칫날,108,2020,20201202,개봉,장편,[{'nationNm': '한국'}],12세이상관람가
0,20149120,인터스텔라,169,2014,20141106,개봉,장편,"[{'nationNm': '미국'}, {'nationNm': '영국'}]",12세이상관람가
0,20164621,덩케르크,106,2017,20170720,개봉,장편,"[{'nationNm': '미국'}, {'nationNm': '영국'}]",12세이상관람가
0,20201002,조제,116,2020,20201210,개봉,장편,[{'nationNm': '한국'}],15세이상관람가
0,20202366,800,148,2020,20201210,개봉,장편,[{'nationNm': '중국'}],15세이상관람가
0,20200883,미드나이트 스카이,117,2020,20201209,개봉,장편,[{'nationNm': '미국'}],12세이상관람가
0,20030404,러브 액츄얼리,130,2003,20031205,개봉,장편,"[{'nationNm': '미국'}, {'nationNm': '영국'}]",15세관람가
0,20201174,언플랜드,109,2019,20201217,개봉,장편,[{'nationNm': '미국'}],15세이상관람가
0,20200936,리플레이,99,2017,20201216,개봉,장편,[{'nationNm': '미국'}],12세이상관람가
0,20205216,호프,125,2019,20201217,개봉,장편,[{'nationNm': '기타'}],12세이상관람가
0,20192567,원더 우먼 1984,150,2020,20201223,개봉,장편,[{'nationNm': '미국'}],12세이상관람가
0,20040725,화양연화,98,2000,20001020,개봉,장편,"[{'nationNm': '홍콩'}, {'nationNm': '프랑스'}]",15세관람가
0,20202128,100% 울프: 푸들이 될 순 없어,95,2020,20201224,개봉,장편,[{'nationNm': '호주'}],전체관람가
0,20202368,"내 어깨 위 고양이, 밥 2",91,2020,20201224,개봉,장편,[{'nationNm': '영국'}],전체관람가
0,20209538,썸머 85,101,2020,20201224,개봉,장편,[{'nationNm': '기타'}],15세이상관람가
0,20202703,뱅가드,107,2020,20201230,개봉,장편,[{'nationNm': '중국'}],12세이상관람가
0,20202647,나이팅게일,136,2018,20201230,개봉,장편,[{'nationNm': '호주'}],청소년관람불가
0,20202130,빅풋 주니어2: 패밀리가 떴다,85,2020,20210106,개봉,장편,[{'nationNm': '기타'}],전체관람가
0,20081445,굿바이,130,2008,20081030,개봉,장편,[{'nationNm': '일본'}],12세이상관람가
0,20200512,미스터 존스,118,2019,20210107,개봉,장편,[{'nationNm': '폴란드'}],15세이상관람가
0,20202931,완벽한 가족,98,2019,20210106,개봉,장편,[{'nationNm': '미국'}],15세이상관람가
0,20182674,걸,105,2018,20210107,개봉,장편,[{'nationNm': '독일'}],15세이상관람가
0,20198056,아이 엠 우먼,116,2019,20210114,개봉,장편,[{'nationNm': '호주'}],15세이상관람가
0,20197277,#아이엠히어,97,2019,20210114,개봉,장편,[{'nationNm': '프랑스'}],12세이상관람가
0,20078386,블라인드,102,2007,20210114,개봉,장편,[{'nationNm': '네덜란드'}],15세이상관람가
0,19910182,늑대와 춤을,180,1990,19910331,개봉,장편,[{'nationNm': '미국'}],중학생이상관람가
0,20203689,마이 미씽 발렌타인,119,2020,20210114,개봉,장편,[{'nationNm': '기타'}],12세이상관람가
0,20207443,소울,106,2020,20210120,개봉,장편,[{'nationNm': '미국'}],전체관람가
0,20200703,극장판 귀멸의 칼날: 무한열차편,116,2020,20210127,개봉,장편,[{'nationNm': '일본'}],15세이상관람가
0,20202540,커넥트,96,2020,20210120,개봉,장편,[{'nationNm': '미국'}],15세이상관람가
0,20202924,파힘,108,2019,20210121,개봉,장편,[{'nationNm': '프랑스'}],전체관람가
0,20204504,모추어리 컬렉션,110,2019,20210121,개봉,장편,[{'nationNm': '미국'}],청소년관람불가
0,20209926,세자매,114,2020,20210127,개봉,장편,[{'nationNm': '한국'}],15세이상관람가
0,20201649,명탐정 코난: 진홍의 수학여행,92,1996,20210127,개봉,장편,[{'nationNm': '일본'}],12세이상관람가
0,20201022,북스마트,102,2019,20210127,개봉,장편,[{'nationNm': '미국'}],15세이상관람가
0,20198053,나는 나를 해고하지 않는다,111,2020,20210128,개봉,장편,[{'nationNm': '한국'}],12세이상관람가
0,20150942,캐롤,118,2015,20160204,개봉,장편,"[{'nationNm': '미국'}, {'nationNm': '영국'}]",청소년관람불가
0,20215041,토이 솔져스: 가짜사나이2 더 컴플리트,112,2020,20210127,개봉,장편,[{'nationNm': '한국'}],15세이상관람가
0,20204628,사일런싱,93,2020,20210128,개봉,장편,[{'nationNm': '미국'}],15세이상관람가
0,20215301,어니스트 씨프,98,2020,20210203,개봉,장편,[{'nationNm': '미국'}],15세이상관람가
0,20080269,해피 투게더,96,1997,19980822,개봉,장편,[{'nationNm': '홍콩'}],18세 미만인 자는 관람할 수 없는 등급
0,20204333,페어웰,100,2019,20210204,개봉,장편,"[{'nationNm': '미국'}, {'nationNm': '중국'}]",전체관람가
0,20202792,스트레스 제로,93,2020,20210203,개봉,장편,[{'nationNm': '한국'}],전체관람가
0,20200472,세상의 모든 디저트: 러브 사라,98,2020,20210204,개봉,장편,[{'nationNm': '영국'}],12세이상관람가
0,20190323,새해전야,114,2020,20210210,개봉,장편,[{'nationNm': '한국'}],12세이상관람가
0,20214981,몬스터 헌터,102,2020,20210210,개봉,장편,[{'nationNm': '미국'}],12세이상관람가
0,20050310,해리 포터와 불의 잔,156,2005,20051201,개봉,장편,[{'nationNm': '미국'}],12세관람가
0,20209627,아이,112,2021,20210210,개봉,장편,[{'nationNm': '한국'}],15세이상관람가
0,20215810,송가인 더 드라마,82,2021,20210211,개봉,장편,[{'nationNm': '한국'}],전체관람가
0,20203009,드림빌더,80,2019,20210210,개봉,장편,[{'nationNm': '기타'}],전체관람가
0,20199541,미션 파서블,104,2020,20210217,개봉,장편,[{'nationNm': '한국'}],15세이상관람가
0,20214848,퍼펙트 케어,118,2020,20210219,개봉,장편,[{'nationNm': '미국'}],15세이상관람가
0,20200311,더블패티,107,2020,20210217,개봉,장편,[{'nationNm': '한국'}],15세이상관람가
0,20202812,마리오네트,112,2020,20210217,개봉,장편,[{'nationNm': '네덜란드'}],12세이상관람가
0,20215843,카오스 워킹,108,2021,20210224,개봉,장편,[{'nationNm': '미국'}],15세이상관람가
0,20202555,톰과 제리,100,2021,20210224,개봉,장편,[{'nationNm': '미국'}],전체관람가
0,20198663,고백,99,2020,20210224,개봉,장편,[{'nationNm': '한국'}],15세이상관람가
0,20209013,워 위드 그랜파,97,2020,20210224,개봉,장편,[{'nationNm': '미국'}],12세이상관람가
0,20215221,더 레이서,97,2020,20210224,개봉,장편,[{'nationNm': '기타'}],15세이상관람가
0,20215862,라스트 레터,120,2018,20210224,개봉,장편,[{'nationNm': '일본'}],전체관람가
0,20205144,미나리,115,2020,20210303,개봉,장편,[{'nationNm': '미국'}],12세이상관람가
0,20200263,라야와 마지막 드래곤,114,2020,20210304,개봉,장편,[{'nationNm': '미국'}],전체관람가
0,20071054,중경삼림,102,1994,19950902,개봉,장편,[{'nationNm': '홍콩'}],고등학생이상관람가
0,20216555,아르코 라이브 뮤지컬 호프,112,2020,20210303,개봉,장편,[{'nationNm': '한국'}],12세이상관람가
0,20216051,리스타트,100,2019,20210311,개봉,장편,[{'nationNm': '미국'}],15세이상관람가
0,20010083,반지의 제왕 : 반지원정대,227,2001,20011231,개봉,장편,[{'nationNm': '미국'}],12세관람가
0,20216022,웨이 다운,117,2020,20210311,개봉,장편,[{'nationNm': '스페인'}],15세이상관람가
0,20215056,아이 씨 유,97,2019,20210311,개봉,장편,[{'nationNm': '영국'}],15세이상관람가
0,20216069,모리타니안,129,2020,20210317,개봉,장편,[{'nationNm': '미국'}],15세이상관람가
0,20020234,반지의 제왕 : 두 개의 탑,179,2002,20021219,개봉,장편,[{'nationNm': '미국'}],12세관람가
0,20030316,반지의 제왕 : 왕의 귀환,262,2003,20031217,개봉,장편,[{'nationNm': '미국'}],12세관람가
0,20216768,몬테크리스토: 더 뮤지컬 라이브,142,2020,20210319,개봉,장편,[{'nationNm': '한국'}],12세이상관람가
0,20216361,브레이브 언더 파이어,107,2020,20210317,개봉,장편,[{'nationNm': '러시아'}],12세이상관람가
0,20215850,고질라 VS. 콩,113,2021,20210325,개봉,장편,[{'nationNm': '미국'}],12세이상관람가
0,20216673,더 박스,93,2020,20210324,개봉,장편,[{'nationNm': '한국'}],12세이상관람가
0,20216432,최면,85,2021,20210324,개봉,장편,[{'nationNm': '한국'}],15세이상관람가
0,20216372,스파이의 아내,116,2020,20210325,개봉,장편,[{'nationNm': '일본'}],12세이상관람가
0,20197434,자산어보,126,2019,20210331,개봉,장편,[{'nationNm': '한국'}],12세이상관람가
0,20205155,"조제, 호랑이 그리고 물고기들",98,2020,20210331,개봉,장편,[{'nationNm': '일본'}],12세이상관람가
0,20190683,아무도 없는 곳,82,2021,20210331,개봉,장편,[{'nationNm': '한국'}],15세이상관람가
0,20214847,해길랍,82,2018,20210331,개봉,장편,[{'nationNm': '기타'}],15세이상관람가
0,20216492,노바디,91,2020,20210407,개봉,장편,[{'nationNm': '미국'}],15세이상관람가
0,20216523,모탈 컴뱃,109,2021,20210408,개봉,장편,[{'nationNm': '미국'}],청소년관람불가
0,20200065,더 파더,96,2020,20210407,개봉,장편,[{'nationNm': '영국'}],12세이상관람가
0,20124134,팅커 테일러 솔저 스파이,127,2011,20120209,개봉,장편,"[{'nationNm': '영국'}, {'nationNm': '프랑스'}, {'nationNm': '독일'}]",15세이상관람가
0,20215803,타인의 친절,114,2018,20210407,개봉,장편,[{'nationNm': '영국'}],12세이상관람가
0,20183003,서복,114,2019,20210415,개봉,장편,[{'nationNm': '한국'}],15세이상관람가
0,20216710,명탐정 코난: 비색의 탄환,110,2020,20210416,개봉,장편,[{'nationNm': '일본'}],12세이상관람가
0,20199630,어른들은 몰라요,127,2020,20210415,개봉,장편,[{'nationNm': '한국'}],청소년관람불가
0,20215046,노매드랜드,107,2020,20210415,개봉,장편,[{'nationNm': '미국'}],12세이상관람가
0,20194501,내일의 기억,99,2021,20210421,개봉,장편,[{'nationNm': '한국'}],15세이상관람가
0,20193068,비와 당신의 이야기,117,2020,20210428,개봉,장편,[{'nationNm': '한국'}],전체관람가
0,20216703,더 스파이,111,2020,20210428,개봉,장편,[{'nationNm': '미국'}],15세이상관람가
0,20216908,극장판 바다 탐험대 옥토넛 : 불의 고리 대폭발,71,2020,20210428,개봉,장편,[{'nationNm': '영국'}],전체관람가
0,20217278,마크맨,107,2020,20210428,개봉,장편,[{'nationNm': '미국'}],15세이상관람가
0,20202585,크루즈 패밀리: 뉴 에이지,95,2020,20210505,개봉,장편,[{'nationNm': '미국'}],전체관람가
0,20217551,내가 죽기를 바라는 자들,99,2021,20210505,개봉,장편,[{'nationNm': '미국'}],15세이상관람가
0,20217174,극장판 콩순이: 장난감나라 대모험,79,2020,20210505,개봉,장편,[{'nationNm': '한국'}],전체관람가
0,20217484,스파이럴,92,2020,20210512,개봉,장편,[{'nationNm': '헝가리'}],청소년관람불가
0,20214763,내겐 너무 소중한 너,100,2021,20210512,개봉,장편,[{'nationNm': '한국'}],12세이상관람가
0,20200524,아들의 이름으로,90,2020,20210512,개봉,장편,[{'nationNm': '한국'}],12세이상관람가
0,20205041,분노의 질주: 더 얼티메이트,142,2021,20210519,개봉,장편,[{'nationNm': '미국'}],12세이상관람가
0,20217478,도라에몽: 스탠바이미 2,95,2020,20210519,개봉,장편,[{'nationNm': '일본'}],전체관람가
0,20200295,혼자 사는 사람들,90,2021,20210519,개봉,장편,[{'nationNm': '한국'}],12세이상관람가
0,20216362,크루엘라,133,2021,20210526,개봉,장편,[{'nationNm': '미국'}],12세이상관람가
0,20194461,파이프라인,107,2021,20210526,개봉,장편,[{'nationNm': '한국'}],15세이상관람가
0,20217573,굴뚝마을의 푸펠,100,2020,20210526,개봉,장편,[{'nationNm': '일본'}],전체관람가
0,20217500,보이저스,107,2021,20210526,개봉,장편,[{'nationNm': '미국'}],15세이상관람가
0,20010241,브리짓 존스의 일기,97,2001,20010901,개봉,장편,[{'nationNm': '영국'}],18세관람가
0,20217736,컨저링3: 악마가 시켰다,111,2021,20210603,개봉,장편,[{'nationNm': '미국'}],15세이상관람가
0,20216083,프로페서 앤 매드맨,124,2019,20210602,개봉,장편,[{'nationNm': '미국'}],15세이상관람가
0,20217707,뱅드림! 로젤리아 에피소드Ⅰ: 약속,77,2020,20210603,개봉,장편,[{'nationNm': '일본'}],전체관람가
0,20217121,낫아웃,107,2021,20210603,개봉,장편,[{'nationNm': '한국'}],15세이상관람가
0,20217651,캐시트럭,118,2021,20210609,개봉,장편,[{'nationNm': '미국'}],청소년관람불가
0,20217692,아야와 마녀,82,2020,20210610,개봉,장편,[{'nationNm': '일본'}],전체관람가
0,20204261,콰이어트 플레이스 2,96,2020,20210616,개봉,장편,[{'nationNm': '미국'}],15세이상관람가
0,20202477,플래시백,97,2020,20210610,개봉,장편,[{'nationNm': '캐나다'}],15세이상관람가
0,20216685,루카,95,2021,20210617,개봉,장편,[{'nationNm': '미국'}],전체관람가
0,20218240,여고괴담 여섯번째 이야기 : 모교,108,2020,20210617,개봉,장편,[{'nationNm': '한국'}],15세이상관람가
0,20217950,킬러의 보디가드 2,116,2021,20210623,개봉,장편,[{'nationNm': '미국'}],청소년관람불가
0,20216581,사랑하고 사랑받고 차고 차이고,124,2020,20210616,개봉,장편,[{'nationNm': '일본'}],12세이상관람가
0,20192696,발신제한,94,2021,20210623,개봉,장편,[{'nationNm': '한국'}],15세이상관람가
0,20204790,인 더 하이츠,142,2020,20210630,개봉,장편,[{'nationNm': '미국'}],12세이상관람가
0,20198161,미드나이트,103,2020,20210630,개봉,장편,[{'nationNm': '한국'}],15세이상관람가
0,20218006,체르노빌 1986,135,2021,20210630,개봉,장편,[{'nationNm': '러시아'}],12세이상관람가
0,20218345,괴기맨숀,106,2021,20210630,개봉,장편,[{'nationNm': '한국'}],15세이상관람가
0,20191951,블랙 위도우,133,2021,20210707,개봉,장편,[{'nationNm': '미국'}],12세이상관람가
0,20218364,랑종,130,2021,20210714,개봉,장편,"[{'nationNm': '한국'}, {'nationNm': '태국'}]",청소년관람불가
0,20218827,BIFAN2021 판타스틱 단편 걸작선 1,97,2021,,기타,옴니버스,[{'nationNm': '기타'}],
0,20218348,이스케이프 룸 2: 노 웨이 아웃,87,2021,20210714,개봉,장편,[{'nationNm': '미국'}],15세이상관람가
0,20217490,스페이스 잼: 새로운 시대,115,2021,20210715,개봉,장편,[{'nationNm': '미국'}],전체관람가
0,20218333,꽃다발 같은 사랑을 했다,123,2021,20210714,개봉,장편,[{'nationNm': '일본'}],12세이상관람가
0,20217024,오필리아,106,2018,20210714,개봉,장편,[{'nationNm': '미국'}],15세이상관람가
0,20218391,보스 베이비 2,107,2021,20210721,개봉,장편,[{'nationNm': '미국'}],전체관람가
0,20218567,아이스 로드,109,2021,20210721,개봉,장편,[{'nationNm': '미국'}],12세이상관람가
0,20218420,은혼 더 파이널,103,2021,20210722,개봉,장편,[{'nationNm': '일본'}],15세이상관람가
0,20200237,호스트: 접속금지,58,2020,20210721,개봉,장편,[{'nationNm': '영국'}],15세이상관람가
0,20204117,모가디슈,121,2021,20210728,개봉,장편,[{'nationNm': '한국'}],15세이상관람가
0,20218349,정글 크루즈,127,2021,20210728,개봉,장편,[{'nationNm': '미국'}],12세이상관람가
0,20202185,방법: 재차의,109,2021,20210728,개봉,장편,[{'nationNm': '한국'}],15세이상관람가
0,20217845,더 수어사이드 스쿼드,131,2021,20210804,개봉,장편,[{'nationNm': '미국'}],청소년관람불가
0,20218875,극장판 도라에몽: 진구의 신공룡,110,2020,20210805,개봉,장편,[{'nationNm': '일본'}],전체관람가
0,20218834,그린 나이트,129,2021,20210805,개봉,장편,[{'nationNm': '미국'}],15세이상관람가
0,20218815,블랙핑크 더 무비,99,2021,20210804,개봉,장편,[{'nationNm': '한국'}],전체관람가
0,20196270,싱크홀,113,2021,20210811,개봉,장편,[{'nationNm': '한국'}],12세이상관람가
0,20192986,프리 가이,115,2021,20210811,개봉,장편,[{'nationNm': '미국'}],12세이상관람가
0,20192194,인질,93,2021,20210818,개봉,장편,[{'nationNm': '한국'}],15세이상관람가
0,20193385,하이큐!! 땅 VS 하늘,45,2019,20200123,개봉,장편,[{'nationNm': '일본'}],전체관람가
0,20218392,올드,108,2021,20210818,개봉,장편,[{'nationNm': '미국'}],12세이상관람가
0,20219381,퍼피 구조대 더 무비,86,2021,20210818,개봉,장편,[{'nationNm': '미국'}],전체관람가
0,20216050,팜 스프링스,90,2020,20210819,개봉,장편,[{'nationNm': '미국'}],15세이상관람가
0,20218653,귀문,85,2021,20210825,개봉,장편,[{'nationNm': '한국'}],15세이상관람가
0,20218985,레미니센스,115,2021,20210825,개봉,장편,[{'nationNm': '미국'}],12세이상관람가
0,20219331,여름날 우리,114,2021,20210825,개봉,장편,[{'nationNm': '중국'}],12세이상관람가
0,20218949,다이노 마이 프렌드,74,2021,20210826,개봉,장편,[{'nationNm': '중국'}],전체관람가
0,20217742,샹치와 텐 링즈의 전설,132,2021,20210901,개봉,장편,[{'nationNm': '미국'}],12세이상관람가
0,20219822,맨 인 더 다크 2,98,2021,20210901,개봉,장편,[{'nationNm': '미국'}],청소년관람불가
0,20218904,코다,111,2021,20210831,개봉,장편,[{'nationNm': '프랑스'}],12세이상관람가
0,20161872,너의 이름은.,106,2016,20170104,개봉,장편,[{'nationNm': '일본'}],12세이상관람가
0,20219185,건파우더 밀크셰이크,114,2020,20210908,개봉,장편,[{'nationNm': '프랑스'}],청소년관람불가
0,20190815,보이스,109,2021,20210915,개봉,장편,[{'nationNm': '한국'}],15세이상관람가
0,20200474,기적,116,2020,20210915,개봉,장편,[{'nationNm': '한국'}],12세이상관람가
0,20216801,"극장판 포켓몬스터: 정글의 아이, 코코",98,2020,20210915,개봉,장편,[{'nationNm': '일본'}],전체관람가
0,20218604,극장판 짱구는 못말려: 격돌! 낙서왕국과 얼추 네 명의 용사들,103,2020,20210915,개봉,장편,[{'nationNm': '일본'}],전체관람가
0,20010291,해리포터와 마법사의 돌,152,2001,20011213,개봉,장편,[{'nationNm': '미국'}],전체관람가
0,20219311,말리그넌트,111,2021,20210915,개봉,장편,[{'nationNm': '미국'}],청소년관람불가
0,20219770,캔디맨,91,2021,20210922,개봉,장편,[{'nationNm': '미국'}],15세이상관람가
0,20210250,잔나비 판타스틱 올드패션드 리턴즈! x 넌센스 Ⅱ,104,2021,20210909,개봉,장편,[{'nationNm': '한국'}],전체관람가
0,20191061,007 노 타임 투 다이,163,2021,20210929,개봉,장편,[{'nationNm': '미국'}],12세이상관람가
0,20219826,용과 주근깨 공주,121,2021,20210929,개봉,장편,[{'nationNm': '일본'}],전체관람가
0,20218758,수색자,110,2021,20210929,개봉,장편,[{'nationNm': '한국'}],15세이상관람가
0,20139221,그래비티,90,2013,20131017,개봉,장편,[{'nationNm': '미국'}],12세이상관람가
0,20210142,스틸워터,138,2021,20211006,개봉,장편,[{'nationNm': '미국'}],15세이상관람가
0,20218052,베놈 2: 렛 데어 비 카니지,97,2021,20211013,개봉,장편,[{'nationNm': '미국'}],15세이상관람가
0,20203824,노회찬6411,126,2021,20211014,개봉,장편,[{'nationNm': '한국'}],12세이상관람가
0,20200302,십개월의 미래,95,2020,20211014,개봉,장편,[{'nationNm': '한국'}],12세이상관람가
0,20210304,스페이스 독 3: 트로피컬 어드벤처,69,2020,20211014,개봉,장편,[{'nationNm': '러시아'}],전체관람가
0,20210087,듄,155,2021,20211020,개봉,장편,[{'nationNm': '미국'}],12세이상관람가
0,20219115,라스트 듀얼: 최후의 결투,152,2021,20211020,개봉,장편,[{'nationNm': '미국'}],청소년관람불가
0,20210853,BIAF2021 한국 단편 경쟁 B,82,2021,,기타,옴니버스,[{'nationNm': '한국'}],
0,20210865,고장난 론,106,2021,20211027,개봉,장편,[{'nationNm': '미국'}],전체관람가
0,20210682,바다 탐험대 옥토넛 : 육지수호 대작전,59,2021,20211027,개봉,장편,[{'nationNm': '영국'}],전체관람가
0,20210587,아네트,140,2021,20211027,개봉,장편,[{'nationNm': '프랑스'}],15세이상관람가
0,20210662,애프터: 관계의 함정,98,2021,20211027,개봉,장편,[{'nationNm': '미국'}],15세이상관람가
0,20218256,이터널스,155,2021,20211103,개봉,장편,[{'nationNm': '미국'}],12세이상관람가
0,20210262,세버그,102,2019,20211104,개봉,장편,[{'nationNm': '미국'}],15세이상관람가
0,20219894,빌리 홀리데이,130,2021,20211104,개봉,장편,[{'nationNm': '미국'}],청소년관람불가
0,20210302,퍼스트 카우,121,2019,20211104,개봉,장편,[{'nationNm': '미국'}],12세이상관람가
0,20203286,강릉,119,2021,20211110,개봉,장편,[{'nationNm': '한국'}],청소년관람불가
0,20210937,아담스 패밀리 2,92,2021,20211110,개봉,장편,[{'nationNm': '미국'}],전체관람가
0,20210301,귀멸의 칼날: 남매의 연,104,2020,20211110,개봉,장편,[{'nationNm': '일본'}],15세이상관람가
0,20211313,"틱, 틱... 붐!",120,2021,20211112,개봉,장편,[{'nationNm': '미국'}],12세이상관람가
0,20191243,장르만 로맨스,113,2021,20211117,개봉,장편,[{'nationNm': '한국'}],15세이상관람가
0,20201876,1984 최동원,97,2020,20211111,개봉,장편,[{'nationNm': '한국'}],전체관람가
0,20210244,디어 에반 핸슨,137,2021,20211117,개봉,장편,[{'nationNm': '미국'}],12세이상관람가
0,20210600,프렌치 디스패치,107,2021,20211118,개봉,장편,[{'nationNm': '미국'}],15세이상관람가
0,20211261,귀멸의 칼날: 나타구모산 편,136,2020,20211117,개봉,장편,[{'nationNm': '일본'}],15세이상관람가
0,20210752,뱅드림! 필름 라이브 세컨드 스테이지,84,2020,20211118,개봉,장편,[{'nationNm': '일본'}],전체관람가
0,20196264,유체이탈자,108,2020,20211124,개봉,장편,[{'nationNm': '한국'}],15세이상관람가
0,20210864,엔칸토: 마법의 세계,109,2021,20211124,개봉,장편,[{'nationNm': '미국'}],전체관람가
0,20205986,연애 빠진 로맨스,94,2021,20211124,개봉,장편,[{'nationNm': '한국'}],15세이상관람가
0,20219056,메이드 인 이태리,93,2020,20211124,개봉,장편,[{'nationNm': '영국'}],12세이상관람가
0,20196763,고스트버스터즈 라이즈,123,2021,20211201,개봉,장편,[{'nationNm': '미국'}],12세이상관람가
0,20210663,라스트 나잇 인 소호,116,2021,20211201,개봉,장편,[{'nationNm': '미국'}],청소년관람불가
0,20183772,태일이,99,2021,20211201,개봉,장편,[{'nationNm': '한국'}],전체관람가
0,20211271,귀멸의 칼날: 주합회의·나비저택 편,105,2020,20211201,개봉,장편,[{'nationNm': '일본'}],15세이상관람가
0,20212015,돈 룩 업,138,2021,20211208,개봉,장편,[{'nationNm': '미국'}],15세이상관람가
0,20211413,몬스타엑스 : 더 드리밍,87,2021,20211208,개봉,장편,[{'nationNm': '한국'}],전체관람가
0,20211831,극장판 소드 아트 온라인 -프로그레시브- 별 없는 밤의 아리아,97,2020,20211209,개봉,장편,[{'nationNm': '일본'}],12세이상관람가
0,20210028,스파이더맨: 노 웨이 홈,148,2021,20211215,개봉,장편,[{'nationNm': '미국'}],12세이상관람가
0,20212217,라라와 크리스마스 요정,68,2020,20211215,개봉,장편,[{'nationNm': '노르웨이'}],전체관람가
0,20010264,아멜리에,121,2001,20011019,개봉,장편,[{'nationNm': '프랑스'}],18세관람가
0,20194403,킹스맨: 퍼스트 에이전트,130,2020,20211222,개봉,장편,[{'nationNm': '미국'}],청소년관람불가
0,20211281,매트릭스: 리저렉션,147,2021,20211222,개봉,장편,[{'nationNm': '미국'}],15세이상관람가
0,20211768,신데렐라 2: 마법에 걸린 왕자,81,2021,20211222,개봉,장편,[{'nationNm': '미국'}],전체관람가
0,20218415,드라이브 마이 카,179,2021,20211223,개봉,장편,[{'nationNm': '일본'}],15세이상관람가
0,20217807,해피 뉴 이어,137,2021,20211229,개봉,장편,[{'nationNm': '한국'}],12세이상관람가
0,20218390,램,106,2020,20211229,개봉,장편,[{'nationNm': '기타'}],15세이상관람가
0,20212077,노웨어 스페셜,95,2020,20211229,개봉,장편,[{'nationNm': '이탈리아'}],전체관람가
0,20199882,경관의 피,119,2021,20220105,개봉,장편,[{'nationNm': '한국'}],15세이상관람가
0,20218764,씽2게더,109,2021,20220105,개봉,장편,[{'nationNm': '미국'}],전체관람가
0,20192354,특송,108,2020,20220112,개봉,장편,[{'nationNm': '한국'}],15세이상관람가
0,19838068,해탄적일천,166,1983,20220106,개봉,장편,[{'nationNm': '대만'}],12세이상관람가
0,20193082,웨스트 사이드 스토리,156,2021,20220112,개봉,장편,[{'nationNm': '미국'}],12세이상관람가
0,20211177,하우스 오브 구찌,157,2021,20220112,개봉,장편,[{'nationNm': '미국'}],15세이상관람가
0,20211241,클리포드 더 빅 레드 독,96,2021,20220112,개봉,장편,[{'nationNm': '미국'}],전체관람가
0,20211740,비욘드라이브 더 무비 : 엔시티 레조넌스,121,2021,20220112,개봉,장편,[{'nationNm': '한국'}],전체관람가
0,20212672,레지던트 이블: 라쿤시티,107,2021,20220119,개봉,장편,[{'nationNm': '미국'}],청소년관람불가
0,20219626,어나더 라운드,116,2020,20220119,개봉,장편,[{'nationNm': '기타'}],15세이상관람가
0,20201965,해적: 도깨비 깃발,125,2020,20220126,개봉,장편,[{'nationNm': '한국'}],12세이상관람가
0,20188441,킹메이커,123,2021,20220126,개봉,장편,[{'nationNm': '한국'}],15세이상관람가
0,20212952,극장판 안녕 자두야: 제주도의 비밀,89,2021,20220127,개봉,장편,[{'nationNm': '한국'}],전체관람가
0,20219816,인어가 잠든 집,120,2018,20220128,개봉,장편,[{'nationNm': '일본'}],12세이상관람가
0,20205443,나일 강의 죽음,126,2021,20220209,개봉,장편,[{'nationNm': '미국'}],12세이상관람가
0,20212836,355,122,2021,20220209,개봉,장편,[{'nationNm': '미국'}],15세이상관람가
0,20205261,나의 촛불,87,2019,20220210,개봉,장편,[{'nationNm': '한국'}],전체관람가
0,20223278,극장판 주술회전 0,104,2021,20220217,개봉,장편,[{'nationNm': '일본'}],15세이상관람가
0,20211200,언차티드,115,2022,20220216,개봉,장편,[{'nationNm': '미국'}],12세이상관람가
0,20223308,극장판 바다 탐험대 옥토넛 : 해저동굴 대탈출,72,2021,20220217,개봉,장편,[{'nationNm': '영국'}],전체관람가
0,20223302,리코리쉬 피자,133,2021,20220216,개봉,장편,[{'nationNm': '미국'}],15세이상관람가
0,20212741,안테벨룸,105,2020,20220223,개봉,장편,[{'nationNm': '미국'}],15세이상관람가
0,20208006,인민을 위해 복무하라,146,2020,20220223,개봉,장편,[{'nationNm': '한국'}],청소년관람불가
0,20223743,나이트메어 앨리,150,2020,20220223,개봉,장편,[{'nationNm': '미국'}],15세이상관람가
0,20212708,시라노,123,2021,20220223,개봉,장편,[{'nationNm': '미국'}],12세이상관람가
0,20212973,더 배트맨,176,2022,20220301,개봉,장편,[{'nationNm': '미국'}],15세이상관람가
0,20190299,이상한 나라의 수학자,117,2020,20220309,개봉,장편,[{'nationNm': '한국'}],12세이상관람가
0,20223828,나의 히어로 아카데미아 더 무비: 월드 히어로즈 미션,104,2021,20220309,개봉,장편,[{'nationNm': '일본'}],12세이상관람가
0,20223953,블랙라이트,104,2020,20220309,개봉,장편,[{'nationNm': '미국'}],15세이상관람가
0,20223804,레벤느망,99,2021,20220310,개봉,장편,[{'nationNm': '프랑스'}],15세이상관람가
0,20223676,문폴,130,2022,20220316,개봉,장편,[{'nationNm': '미국'}],12세이상관람가
0,20210541,스펜서,116,2021,20220316,개봉,장편,[{'nationNm': '영국'}],12세이상관람가
0,20223950,메리 미,112,2021,20220316,개봉,장편,[{'nationNm': '미국'}],12세이상관람가
0,20216064,하늘의 푸르름을 아는 사람이여,107,2019,20220316,개봉,장편,[{'nationNm': '일본'}],12세이상관람가
0,20199500,뜨거운 피,119,2020,20220323,개봉,장편,[{'nationNm': '한국'}],15세이상관람가
0,20223583,벨파스트,98,2021,20220323,개봉,장편,[{'nationNm': '미국'}],12세이상관람가
0,20224069,뱅드림! 팝핀' 드림!,70,2020,20220324,개봉,장편,[{'nationNm': '일본'}],전체관람가
0,20224143,킹 리차드,144,2022,20220324,개봉,장편,[{'nationNm': '미국'}],12세이상관람가
0,20223404,에펠,107,2021,20220323,개봉,장편,[{'nationNm': '프랑스'}],15세이상관람가
0,20204431,모비우스,104,2022,20220330,개봉,장편,[{'nationNm': '미국'}],15세이상관람가
0,20200418,배니싱: 미제사건,87,2021,20220330,개봉,장편,[{'nationNm': '프랑스'}],15세이상관람가
0,20219344,패러렐 마더스,122,2021,20220331,개봉,장편,[{'nationNm': '스페인'}],15세이상관람가
0,20223403,극장판 시그널,121,2021,20220331,개봉,장편,[{'nationNm': '일본'}],12세이상관람가
0,20212618,수퍼 소닉2,122,2021,20220406,개봉,장편,[{'nationNm': '미국'}],전체관람가
0,20212724,앰뷸런스,136,2022,20220406,개봉,장편,[{'nationNm': '미국'}],15세이상관람가
0,20196906,스텔라,98,2021,20220406,개봉,장편,[{'nationNm': '한국'}],15세이상관람가
0,20223614,루이스 웨인: 사랑을 그린 고양이 화가,111,2020,20220406,개봉,장편,[{'nationNm': '미국'}],12세이상관람가
0,20217298,불도저에 탄 소녀,112,2021,20220407,개봉,장편,[{'nationNm': '한국'}],15세이상관람가
0,20212725,신비한 동물들과 덤블도어의 비밀,142,2022,20220413,개봉,장편,[{'nationNm': '미국'}],12세이상관람가
0,20219310,말임씨를 부탁해,109,2021,20220413,개봉,장편,[{'nationNm': '한국'}],전체관람가
0,20217023,그리스도 디 오리진,147,2013,20220414,개봉,장편,[{'nationNm': '기타'}],12세이상관람가
0,20204845,공기살인,107,2022,20220422,개봉,장편,[{'nationNm': '한국'}],12세이상관람가
0,20196669,앵커,111,2022,20220420,개봉,장편,[{'nationNm': '한국'}],15세이상관람가
0,20212783,로스트 시티,111,2022,20220420,개봉,장편,[{'nationNm': '미국'}],12세이상관람가
0,20224142,세븐틴 파워 오브 러브 : 더 무비,114,2022,20220420,개봉,장편,[{'nationNm': '한국'}],전체관람가
0,20224270,배드 가이즈,100,2022,20220504,개봉,장편,[{'nationNm': '미국'}],전체관람가
0,20178501,니 부모 얼굴이 보고 싶다,111,2022,20220427,개봉,장편,[{'nationNm': '한국'}],15세이상관람가
0,20217982,서울괴담,122,2021,20220427,개봉,장편,[{'nationNm': '한국'}],15세이상관람가
0,20217769,봄날,101,2021,20220427,개봉,장편,[{'nationNm': '한국'}],15세이상관람가
0,20212855,닥터 스트레인지: 대혼돈의 멀티버스,126,2022,20220504,개봉,장편,[{'nationNm': '미국'}],12세이상관람가
0,20224148,극장판 엉덩이 탐정: 수플레 섬의 비밀,58,2021,20220505,개봉,장편,[{'nationNm': '일본'}],전체관람가
0,20210962,우연과 상상,121,2021,20220504,개봉,장편,[{'nationNm': '일본'}],15세이상관람가
0,20223388,토르: 마법 검의 전설,77,2019,20220504,개봉,장편,[{'nationNm': '독일'}],전체관람가
0,20204548,범죄도시2,105,2022,20220518,개봉,장편,[{'nationNm': '한국'}],15세이상관람가
0,20223940,민스미트 작전,127,2021,20220511,개봉,장편,[{'nationNm': '미국'}],12세이상관람가
0,20224223,엄마,83,2022,20220511,개봉,장편,[{'nationNm': '미국'}],12세이상관람가
0,20223991,어부바,106,2021,20220511,개봉,장편,[{'nationNm': '한국'}],전체관람가
0,20211568,"아치의 노래, 정태춘",113,2021,20220518,개봉,장편,[{'nationNm': '한국'}],전체관람가
0,20211421,매스,111,2021,20220518,개봉,장편,[{'nationNm': '미국'}],12세이상관람가
0,20224634,그대가 조국,124,2022,20220525,개봉,장편,[{'nationNm': '한국'}],12세이상관람가
0,20143441,몬스터 싱어: 매직 인 파리,89,2011,20220526,개봉,장편,[{'nationNm': '프랑스'}],전체관람가
0,20225055,뜨거운 피: 디 오리지널,141,2019,20220526,개봉,장편,[{'nationNm': '한국'}],청소년관람불가
0,20217334,안녕하세요,117,2021,20220525,개봉,장편,[{'nationNm': '한국'}],12세이상관람가
0,20224304,피는 물보다 진하다,90,2022,20220525,개봉,장편,[{'nationNm': '한국'}],15세이상관람가
0,20211382,오마주,108,2021,20220526,개봉,장편,[{'nationNm': '한국'}],12세이상관람가
0,20206061,쥬라기 월드: 도미니언,146,2022,20220601,개봉,장편,[{'nationNm': '미국'}],12세이상관람가
0,20135304,극장판 포켓몬스터DP: 기라티나와 하늘의 꽃다발 쉐이미,96,2008,20220601,개봉,장편,[{'nationNm': '일본'}],전체관람가
0,20210590,카시오페아,101,2021,20220601,개봉,장편,[{'nationNm': '한국'}],12세이상관람가
0,20224468,애프터 양,95,2021,20220601,개봉,장편,[{'nationNm': '미국'}],전체관람가
0,20224891,특수요원 빼꼼,92,2021,20220601,개봉,장편,[{'nationNm': '중국'}],전체관람가
0,20206257,브로커,129,2022,20220608,개봉,장편,[{'nationNm': '한국'}],12세이상관람가
0,20194376,탑건: 매버릭,130,2021,20220622,개봉,장편,[{'nationNm': '미국'}],12세이상관람가
0,20218527,이공삼칠,125,2022,20220608,개봉,장편,[{'nationNm': '한국'}],15세이상관람가
0,20224995,베르네 부인의 장미정원,95,2020,20220609,개봉,장편,[{'nationNm': '프랑스'}],12세이상관람가
0,20224882,마녀(魔女) Part2. The Other One,137,2021,20220615,개봉,장편,[{'nationNm': '한국'}],15세이상관람가
0,20223839,버즈 라이트이어,104,2022,20220615,개봉,장편,[{'nationNm': '미국'}],전체관람가
0,20210843,실종,123,2021,20220615,개봉,장편,[{'nationNm': '일본'}],청소년관람불가
0,20225114,극장판 윌벤져스 : 수상한 캠핑 대소동,79,2022,20220623,개봉,장편,[{'nationNm': '한국'}],전체관람가
0,20224757,룸 쉐어링,92,2021,20220622,개봉,장편,[{'nationNm': '한국'}],전체관람가
0,20209654,헤어질 결심,138,2022,20220629,개봉,장편,[{'nationNm': '한국'}],15세이상관람가
0,20212317,컴온 컴온,109,2021,20220630,개봉,장편,[{'nationNm': '미국'}],12세이상관람가
0,20224662,토르: 러브 앤 썬더,118,2022,20220706,개봉,장편,[{'nationNm': '미국'}],12세이상관람가
0,20211321,빅샤크4: 바다공룡 대모험,85,2020,20220706,개봉,장편,[{'nationNm': '중국'}],전체관람가
0,19978805,큐어,111,1997,20220706,개봉,장편,[{'nationNm': '일본'}],15세관람가
0,20225994,BIFAN2022 부천 초이스: 단편 1,,2022,,기타,옴니버스,[{'nationNm': '기타'}],
0,20225979,BIFAN2022 부천 초이스: 단편 2,,2022,,기타,옴니버스,[{'nationNm': '기타'}],
0,20225237,명탐정 코난: 할로윈의 신부,110,2022,20220713,개봉,장편,[{'nationNm': '일본'}],12세이상관람가
0,20225175,엘비스,159,2022,20220713,개봉,장편,[{'nationNm': '미국'}],15세이상관람가
0,20225186,더 킬러: 죽어도 되는 아이,95,2022,20220713,개봉,장편,[{'nationNm': '한국'}],청소년관람불가
0,20225180,뒤틀린 집,90,2022,20220713,개봉,장편,[{'nationNm': '한국'}],15세이상관람가
0,20224791,그레이 맨,126,2022,20220713,개봉,장편,[{'nationNm': '미국'}],15세이상관람가
0,20208446,외계+인 1부,142,2022,20220720,개봉,장편,[{'nationNm': '한국'}],12세이상관람가
0,20205362,미니언즈2,87,2022,20220720,개봉,장편,[{'nationNm': '미국'}],전체관람가
0,20225293,썸머 필름을 타고!,97,2020,20220720,개봉,장편,[{'nationNm': '일본'}],전체관람가
0,20209343,한산: 용의 출현,129,2021,20220727,개봉,장편,[{'nationNm': '한국'}],12세이상관람가
0,20225190,뽀로로 극장판 드래곤캐슬 대모험,69,2022,20220728,개봉,장편,[{'nationNm': '한국'}],전체관람가
0,20196410,비상선언,140,2022,20220803,개봉,장편,[{'nationNm': '한국'}],12세이상관람가
0,20226207,비욘드 라이브 더 무비: 엑소의 사다리 타고 세계여행3,124,2022,20220727,개봉,장편,[{'nationNm': '한국'}],전체관람가
0,20226107,극장판 도라에몽: 진구의 우주소전쟁 리틀스타워즈 2021,108,2021,20220803,개봉,장편,[{'nationNm': '일본'}],전체관람가
0,20211792,헌트,125,2022,20220810,개봉,장편,[{'nationNm': '한국'}],15세이상관람가
0,20224965,DC 리그 오브 슈퍼-펫,105,2022,20220810,개봉,장편,[{'nationNm': '미국'}],전체관람가
0,20226034,바다 탐험대 옥토넛 : 탐험선 대작전,58,2022,20220811,개봉,장편,[{'nationNm': '영국'}],전체관람가
0,20219345,놉,130,2022,20220817,개봉,장편,[{'nationNm': '미국'}],12세이상관람가
0,20225448,불릿 트레인,126,2022,20220824,개봉,장편,[{'nationNm': '미국'}],청소년관람불가
0,20217826,육사오(6/45),113,2022,20220824,개봉,장편,[{'nationNm': '한국'}],12세이상관람가
0,20226200,귀멸의 칼날: 아사쿠사 편,102,2021,20220825,개봉,장편,[{'nationNm': '일본'}],15세이상관람가
0,20225556,사랑할 땐 누구나 최악이 된다,128,2021,20220825,개봉,장편,[{'nationNm': '노르웨이'}],15세이상관람가
0,20208721,리미트,87,2022,20220831,개봉,장편,[{'nationNm': '한국'}],15세이상관람가
0,20225892,시맨틱 에러: 더 무비,177,2022,20220831,개봉,장편,[{'nationNm': '한국'}],12세이상관람가
0,20215601,공조2: 인터내셔날,128,2021,20220907,개봉,장편,[{'nationNm': '한국'}],15세이상관람가
0,20226444,극장판 엄마 까투리: 도시로 간 까투리 가족,76,2019,20220908,개봉,장편,[{'nationNm': '한국'}],전체관람가
0,20212709,블랙폰,103,2021,20220907,개봉,장편,[{'nationNm': '미국'}],15세이상관람가
0,20226125,"어쩌다 공주, 닭냥이 왕자를 부탁해!",88,2021,20220908,개봉,장편,[{'nationNm': '프랑스'}],전체관람가
0,20226679,쥬라기캅스 극장판: 공룡시대 대모험,64,2022,20220907,개봉,장편,[{'nationNm': '한국'}],전체관람가
0,20225057,드래곤볼 슈퍼: 슈퍼 히어로,100,2022,20220914,개봉,장편,[{'nationNm': '일본'}],12세이상관람가
0,20226879,인생은 뷰티풀: 비타돌체,99,2022,20220907,개봉,장편,[{'nationNm': '한국'}],전체관람가
0,20211472,늑대사냥,121,2022,20220921,개봉,장편,[{'nationNm': '한국'}],청소년관람불가
0,20226957,아바타 리마스터링,165,2022,20220921,개봉,장편,[{'nationNm': '미국'}],12세이상관람가
0,20219628,정직한 후보2,106,2022,20220928,개봉,장편,[{'nationNm': '한국'}],12세이상관람가
0,20226751,극장판 5등분의 신부,136,2022,20220922,개봉,장편,[{'nationNm': '일본'}],12세이상관람가
0,20198317,인생은 아름다워,122,2020,20220928,개봉,장편,[{'nationNm': '한국'}],12세이상관람가
0,20196776,프린세스 아야,89,2019,20220921,개봉,장편,[{'nationNm': '한국'}],전체관람가
0,20226777,극장판 짱구는 못말려: 수수께끼! 꽃피는 천하떡잎학교,104,2021,20220928,개봉,장편,[{'nationNm': '일본'}],전체관람가
0,20226670,극장판 헬로카봇: 수상한 마술단의 비밀,79,2022,20220928,개봉,장편,[{'nationNm': '한국'}],전체관람가
0,20211244,성덕,84,2021,20220928,개봉,장편,[{'nationNm': '한국'}],12세이상관람가
0,20225729,스마일,115,2022,20221006,개봉,장편,[{'nationNm': '미국'}],청소년관람불가
0,20226739,고고다이노 극장판: 얼음공룡의 비밀,73,2022,20221005,개봉,장편,[{'nationNm': '한국'}],전체관람가
0,20217624,컴백홈,119,2022,20221005,개봉,장편,[{'nationNm': '한국'}],15세이상관람가
0,20227308,스파이더맨: 노 웨이 홈 '펀버전',156,2022,20221005,개봉,장편,[{'nationNm': '미국'}],12세이상관람가
0,20227304,오펀: 천사의 탄생,98,2022,20221012,개봉,장편,[{'nationNm': '미국'}],15세이상관람가
0,20226798,에브리씽 에브리웨어 올 앳 원스,139,2022,20221012,개봉,장편,[{'nationNm': '미국'}],15세이상관람가
0,20208101,대무가,107,2022,20221012,개봉,장편,[{'nationNm': '한국'}],15세이상관람가
0,20227338,티켓 투 파라다이스,103,2022,20221012,개봉,장편,[{'nationNm': '미국'}],12세이상관람가
0,20226886,블랙 아담,124,2022,20221019,개봉,장편,[{'nationNm': '미국'}],12세이상관람가
0,20227225,귀못,110,2022,20221019,개봉,장편,[{'nationNm': '한국'}],15세이상관람가
0,20198429,자백,105,2020,20221026,개봉,장편,[{'nationNm': '한국'}],15세이상관람가
0,20198461,리멤버,128,2020,20221026,개봉,장편,[{'nationNm': '한국'}],15세이상관람가
0,20226558,아인보: 아마존의 전설,84,2021,20221026,개봉,장편,"[{'nationNm': '페루'}, {'nationNm': '네덜란드'}, {'nationNm': '미국'}]",전체관람가
0,20211242,고속도로 가족,128,2022,20221102,개봉,장편,[{'nationNm': '한국'}],15세이상관람가
0,20227751,가재가 노래하는 곳,125,2021,20221102,개봉,장편,[{'nationNm': '미국'}],15세이상관람가
0,20226254,블랙 팬서: 와칸다 포에버,161,2022,20221109,개봉,장편,[{'nationNm': '미국'}],12세이상관람가
0,20228357,극장판 소드 아트 온라인 -프로그레시브- 짙은 어둠의 스케르초,101,2022,20221110,개봉,장편,[{'nationNm': '일본'}],12세이상관람가
0,20217905,데시벨,109,2021,20221116,개봉,장편,[{'nationNm': '한국'}],12세이상관람가
0,20224598,동감,114,2022,20221116,개봉,장편,[{'nationNm': '한국'}],12세이상관람가
0,20227514,폴: 600미터,106,2022,20221116,개봉,장편,"[{'nationNm': '영국'}, {'nationNm': '미국'}]",12세이상관람가
0,20228532,한산 리덕스,150,2021,20221116,개봉,장편,[{'nationNm': '한국'}],12세이상관람가
0,20212665,심야카페: 미씽 허니,102,2021,20221117,개봉,장편,[{'nationNm': '한국'}],12세이상관람가
0,20227762,올빼미,118,2021,20221123,개봉,장편,[{'nationNm': '한국'}],15세이상관람가
0,20228190,스트레인지 월드,101,2022,20221123,개봉,장편,[{'nationNm': '미국'}],전체관람가
0,20228297,유포자들,100,2022,20221123,개봉,장편,[{'nationNm': '한국'}],15세이상관람가
0,20227445,원피스 필름 레드,115,2022,20221130,개봉,장편,[{'nationNm': '일본'}],12세이상관람가
0,20205106,압꾸정,111,2022,20221130,개봉,장편,[{'nationNm': '한국'}],12세이상관람가
0,20210364,탄생,150,2022,20221130,개봉,장편,[{'nationNm': '한국'}],12세이상관람가
0,20228308,극장판 뽀로로와 친구들: 바이러스를 없애줘!,62,2022,20221201,개봉,장편,[{'nationNm': '한국'}],전체관람가
0,20228313,"오늘 밤, 세계에서 이 사랑이 사라진다 해도",121,2022,20221130,개봉,장편,[{'nationNm': '일본'}],12세이상관람가
0,20228602,엔시티 드림 더 무비 : 인 어 드림,116,2022,20221130,개봉,장편,[{'nationNm': '한국'}],전체관람가
0,20228640,신비아파트 극장판 차원도깨비와 7개의 세계,103,2022,20221214,개봉,장편,[{'nationNm': '한국'}],전체관람가
0,20227885,프레이 포 더 데블,93,2022,20221207,개봉,장편,[{'nationNm': '미국'}],15세이상관람가
0,20228655,스페이스 키드: 우주에서 살아남기,89,2019,20221207,개봉,장편,[{'nationNm': '프랑스'}],전체관람가
0,20225061,아바타: 물의 길,192,2022,20221214,개봉,장편,[{'nationNm': '미국'}],12세이상관람가
0,20228277,더 메뉴,107,2022,20221207,개봉,장편,[{'nationNm': '미국'}],15세이상관람가
0,20196478,영웅,120,2022,20221221,개봉,장편,[{'nationNm': '한국'}],12세이상관람가
0,20228829,눈의 여왕5: 스노우 프린세스와 미러랜드의 비밀,75,2022,20221222,개봉,장편,[{'nationNm': '기타'}],전체관람가
0,20228309,핑크퐁 시네마 콘서트 2: 원더스타 콘서트 대작전,70,2022,20221221,개봉,장편,[{'nationNm': '한국'}],전체관람가
0,20210140,젠틀맨,123,2021,20221228,개봉,장편,[{'nationNm': '한국'}],15세이상관람가
0,20215315,스위치,112,2021,20230104,개봉,장편,[{'nationNm': '한국'}],12세이상관람가
0,20227925,몬스터 신부: 101번째 프로포즈,75,2022,20221228,개봉,장편,"[{'nationNm': '헝가리'}, {'nationNm': '러시아'}]",전체관람가
0,20228555,더 퍼스트 슬램덩크,124,2022,20230104,개봉,장편,[{'nationNm': '일본'}],12세이상관람가
0,20224109,장화신은 고양이: 끝내주는 모험,102,2022,20230104,개봉,장편,[{'nationNm': '미국'}],전체관람가
0,20228652,3000년의 기다림,108,2022,20230104,개봉,장편,[{'nationNm': '호주'}],15세이상관람가
0,20228255,프린스 챠밍,85,2018,20230111,개봉,장편,"[{'nationNm': '미국'}, {'nationNm': '영국'}, {'nationNm': '캐나다'}]",전체관람가
0,20228644,문맨,121,2022,20230111,개봉,장편,[{'nationNm': '중국'}],12세이상관람가
0,20190808,교섭,108,2022,20230118,개봉,장편,[{'nationNm': '한국'}],12세이상관람가
0,20214823,유령,132,2022,20230118,개봉,장편,[{'nationNm': '한국'}],15세이상관람가
0,20228895,캐리와 슈퍼콜라,78,2022,20230118,개봉,장편,[{'nationNm': '한국'}],전체관람가
0,20229166,라일 라일 크로커다일,105,2022,20230118,개봉,장편,[{'nationNm': '미국'}],전체관람가
0,20229551,상견니,107,2022,20230125,개봉,장편,[{'nationNm': '대만'}],15세이상관람가
0,20229205,메간,101,2022,20230125,개봉,장편,[{'nationNm': '미국'}],15세이상관람가
0,20227374,바빌론,188,2022,20230201,개봉,장편,[{'nationNm': '미국'}],청소년관람불가
0,20239691,방탄소년단: 옛 투 컴 인 시네마,103,2022,20230201,개봉,장편,[{'nationNm': '한국'}],전체관람가
0,19980074,타이타닉,194,1997,19980220,개봉,장편,[{'nationNm': '미국'}],15세 미만인 자는 관람할 수 없는 등급 
0,20223565,다음 소희,137,2022,20230208,개봉,장편,[{'nationNm': '한국'}],15세이상관람가
0,20230209,앤트맨과 와스프: 퀀텀매니아,124,2023,20230215,개봉,장편,[{'nationNm': '미국'}],12세이상관람가
0,20210684,두다다쿵: 후후섬의 비밀,83,2022,20230215,개봉,장편,[{'nationNm': '한국'}],전체관람가
0,20228966,어메이징 모리스,93,2022,20230215,개봉,장편,[{'nationNm': '독일'}],전체관람가
0,20193706,카운트,108,2021,20230222,개봉,장편,[{'nationNm': '한국'}],12세이상관람가
0,20239573,서치 2,110,2022,20230222,개봉,장편,[{'nationNm': '미국'}],12세이상관람가
0,20202026,마루이 비디오,87,2020,20230222,개봉,장편,[{'nationNm': '한국'}],15세이상관람가
0,20226270,스즈메의 문단속,121,2022,20230308,개봉,장편,[{'nationNm': '일본'}],12세이상관람가
0,20239913,바다 탐험대 옥토넛 육지수호 대작전 : 열대우림을 지켜라!,57,2022,20230223,개봉,장편,[{'nationNm': '영국'}],전체관람가
0,20208962,대외비,115,2020,20230301,개봉,장편,[{'nationNm': '한국'}],15세이상관람가
0,20230533,"귀멸의 칼날: 상현집결, 그리고 도공 마을로",109,2023,20230302,개봉,장편,[{'nationNm': '일본'}],15세이상관람가
0,20230495,아임 히어로 더 파이널,102,2023,20230301,개봉,장편,[{'nationNm': '한국'}],전체관람가
0,20227684,멍뭉이,113,2022,20230301,개봉,장편,[{'nationNm': '한국'}],전체관람가
0,20230200,똑똑똑,100,2023,20230308,개봉,장편,[{'nationNm': '미국'}],15세이상관람가
0,20197654,소울메이트,123,2020,20230315,개봉,장편,[{'nationNm': '한국'}],12세이상관람가
0,20230081,샤잠! 신들의 분노,130,2023,20230315,개봉,장편,[{'nationNm': '미국'}],12세이상관람가
0,20230484,치킨래빗: 잃어버린 보물을 찾아서,91,2022,20230318,개봉,장편,"[{'nationNm': '벨기에'}, {'nationNm': '프랑스'}]",전체관람가
0,20230340,에브리씽 에브리웨어 올 앳 원스+,150,2022,20230301,개봉,장편,[{'nationNm': '미국'}],15세이상관람가
0,20230199,플레인,107,2023,20230315,개봉,장편,[{'nationNm': '미국'}],15세이상관람가
0,20210544,웅남이,97,2023,20230322,개봉,장편,[{'nationNm': '한국'}],15세이상관람가
0,20230767,파벨만스,150,2022,20230322,개봉,장편,[{'nationNm': '미국'}],12세이상관람가
0,20239905,꼬마돼지 베이브의 바다 대모험,76,2022,20230323,개봉,장편,[{'nationNm': '중국'}],전체관람가
0,20226410,던전 앤 드래곤: 도적들의 명예,133,2023,20230329,개봉,장편,[{'nationNm': '미국'}],12세이상관람가
0,20230641,오토라는 남자,125,2022,20230329,개봉,장편,[{'nationNm': '미국'}],12세이상관람가
0,20226489,리바운드,122,2022,20230405,개봉,장편,[{'nationNm': '한국'}],12세이상관람가
0,20231010,에어,111,2023,20230405,개봉,장편,[{'nationNm': '미국'}],15세이상관람가
0,20231089,존 윅 4,169,2023,20230412,개봉,장편,[{'nationNm': '미국'}],청소년관람불가
0,20231035,카구야 님은 고백받고 싶어 -첫 키스는 끝나지 않아-,96,2022,20230406,개봉,장편,[{'nationNm': '일본'}],12세이상관람가
0,20230764,오글리스: 웰컴 투 냄새 마을,81,2021,20230406,개봉,장편,[{'nationNm': '독일'}],전체관람가
0,20200154,킬링 로맨스,107,2021,20230414,개봉,장편,[{'nationNm': '한국'}],15세이상관람가
0,20231009,거울 속 외딴 성,116,2022,20230412,개봉,장편,[{'nationNm': '일본'}],12세이상관람가
0,20225865,옥수역귀신,80,2021,20230419,개봉,장편,"[{'nationNm': '한국'}, {'nationNm': '일본'}]",15세이상관람가
0,20231244,렌필드,93,2023,20230419,개봉,장편,[{'nationNm': '미국'}],청소년관람불가
0,20227890,슈퍼 마리오 브라더스,92,2023,20230426,개봉,장편,[{'nationNm': '미국'}],전체관람가
0,20231004,65,92,2023,20230420,개봉,장편,[{'nationNm': '미국'}],12세이상관람가
0,20198482,드림,125,2023,20230426,개봉,장편,[{'nationNm': '한국'}],12세이상관람가
0,20231164,무명,132,2023,20230426,개봉,장편,[{'nationNm': '중국'}],15세이상관람가
0,20210846,항구의 니쿠코짱!,96,2021,20230427,개봉,장편,[{'nationNm': '일본'}],전체관람가
0,20231496,가디언즈 오브 갤럭시: Volume 3,149,2023,20230503,개봉,장편,[{'nationNm': '미국'}],12세이상관람가
0,20231348,극장판 짱구는 못말려: 동물소환 닌자 배꼽수비대,99,2022,20230504,개봉,장편,[{'nationNm': '일본'}],전체관람가
0,20231544,"뮤지컬 공연실황, 알쏭달쏭 캐치! 티니핑 <신비한 상자를 열어라!>",61,2023,20230503,개봉,장편,[{'nationNm': '한국'}],전체관람가
0,20231437,문재인입니다,114,2023,20230510,개봉,장편,[{'nationNm': '한국'}],12세이상관람가
0,20218656,롱디,101,2022,20230510,개봉,장편,[{'nationNm': '한국'}],12세이상관람가
0,20231592,분노의 질주: 라이드 오어 다이,140,2023,20230517,개봉,장편,[{'nationNm': '미국'}],15세이상관람가
0,20231029,슬픔의 삼각형,147,2022,20230517,개봉,장편,[{'nationNm': '미국'}],15세이상관람가
0,20226411,범죄도시3,105,2022,20230531,개봉,장편,[{'nationNm': '한국'}],15세이상관람가
0,20231839,인어공주,135,2023,20230524,개봉,장편,[{'nationNm': '미국'}],전체관람가
0,19960041,아기공룡 둘리-얼음별 대모험,84,1996,19960724,개봉,장편,[{'nationNm': '한국'}],연소자관람가
0,20231677,남은 인생 10년,124,2022,20230524,개봉,장편,[{'nationNm': '일본'}],12세이상관람가
0,20090860,포켓 몬스터 DP: 아르세우스 초극의 시공으로,94,2009,20091224,개봉,장편,[{'nationNm': '일본'}],전체관람가
0,20232025,트랜스포머: 비스트의 서막,126,2023,20230606,개봉,장편,[{'nationNm': '미국'}],12세이상관람가
0,20228930,엘리멘탈,109,2023,20230614,개봉,장편,[{'nationNm': '미국'}],전체관람가
0,20231971,플래시,143,2023,20230614,개봉,장편,[{'nationNm': '미국'}],12세이상관람가
0,20211937,귀공자,117,2022,20230621,개봉,장편,[{'nationNm': '한국'}],청소년관람불가
0,20232180,스파이더맨: 어크로스 더 유니버스,139,2023,20230621,개봉,장편,[{'nationNm': '미국'}],전체관람가
0,20232075,명탐정코난: 하이바라 아이 이야기 ~흑철의 미스터리 트레인,89,2023,20230623,개봉,장편,[{'nationNm': '일본'}],12세이상관람가
0,20227654,수라,102,2022,20230621,개봉,장편,[{'nationNm': '한국'}],전체관람가
0,20232273,인디아나 존스: 운명의 다이얼,154,2023,20230628,개봉,장편,[{'nationNm': '미국'}],12세이상관람가
0,20232220,"2022 영탁 단독 콘서트 ""탁쇼""",132,2022,20230628,개봉,장편,[{'nationNm': '한국'}],전체관람가
0,20231781,애스터로이드 시티,105,2023,20230628,개봉,장편,[{'nationNm': '미국'}],12세이상관람가
0,20232631,미션 임파서블: 데드 레코닝 PART ONE,163,2023,20230712,개봉,장편,[{'nationNm': '미국'}],15세이상관람가
0,20224579,악마들,105,2022,20230705,개봉,장편,[{'nationNm': '한국'}],청소년관람불가
0,20232570,극장판 도라에몽: 진구와 하늘의 유토피아,107,2023,20230708,개봉,장편,[{'nationNm': '일본'}],전체관람가
0,20231889,보 이즈 어프레이드,178,2023,20230705,개봉,장편,[{'nationNm': '미국'}],청소년관람불가
0,20232062,극장판 피노키오 위대한 모험,83,2021,20230713,개봉,장편,[{'nationNm': '헝가리'}],전체관람가
0,20232536,명탐정코난: 흑철의 어영,109,2023,20230720,개봉,장편,[{'nationNm': '일본'}],12세이상관람가
0,20232740,바비,113,2023,20230719,개봉,장편,[{'nationNm': '미국'}],12세이상관람가
0,20232778,인시디어스: 빨간 문,106,2023,20230719,개봉,장편,[{'nationNm': '미국'}],15세이상관람가
0,20232639,극장판 슈퍼윙스: 맥시멈 스피드,89,2023,20230720,개봉,장편,[{'nationNm': '한국'}],전체관람가
0,20232556,슈퍼 키드 헤일리,76,2022,20230720,개봉,장편,[{'nationNm': '노르웨이'}],전체관람가
0,20218541,밀수,129,2023,20230726,개봉,장편,[{'nationNm': '한국'}],15세이상관람가
0,20232491,핑크퐁 시네마 콘서트3 : 진저브레드맨을 잡아라,65,2023,20230726,개봉,장편,[{'nationNm': '한국'}],전체관람가
0,20218935,더 문,129,2023,20230802,개봉,장편,[{'nationNm': '한국'}],12세이상관람가
0,20193879,비공식작전,132,2022,20230802,개봉,장편,[{'nationNm': '한국'}],12세이상관람가
0,20232836,몬스터 패밀리 2,103,2021,20230802,개봉,장편,[{'nationNm': '영국'}],전체관람가
0,20204264,콘크리트 유토피아,129,2021,20230809,개봉,장편,[{'nationNm': '한국'}],15세이상관람가
0,20232698,바다 탐험대 옥토넛 어보브 앤 비욘드 : 육지 넘어 하늘까지!,57,2023,20230810,개봉,장편,[{'nationNm': '영국'}],전체관람가
0,20232618,런닝맨: 리벤져스,73,2023,20230810,개봉,장편,[{'nationNm': '한국'}],전체관람가
0,20226431,오펜하이머,180,2023,20230815,개봉,장편,[{'nationNm': '미국'}],15세이상관람가
0,20226500,달짝지근해: 7510,118,2022,20230815,개봉,장편,[{'nationNm': '한국'}],12세이상관람가
0,20233052,메가로돈 2,115,2023,20230815,개봉,장편,[{'nationNm': '미국'}],12세이상관람가
0,20192995,보호자,97,2021,20230815,개봉,장편,[{'nationNm': '한국'}],15세이상관람가
0,20232629,마야 3: 숲속 왕국의 위기,88,2021,20230824,개봉,장편,[{'nationNm': '독일'}],전체관람가
0,20233121,치치치 치킨의 비밀,94,2023,20230824,개봉,장편,[{'nationNm': '중국'}],전체관람가
0,20233014,타겟,101,2022,20230830,개봉,장편,[{'nationNm': '한국'}],15세이상관람가
0,20233075,신체모음.zip,104,2022,20230830,개봉,장편,[{'nationNm': '한국'}],15세이상관람가
0,20223831,스파이 코드명 포춘,113,2023,20230830,개봉,장편,[{'nationNm': '미국'}],15세이상관람가
0,20231253,일주일간 친구,106,2021,20230906,개봉,장편,[{'nationNm': '중국'}],12세이상관람가
0,20224667,잠,94,2022,20230906,개봉,장편,[{'nationNm': '한국'}],15세이상관람가
0,20090379,해리 포터와 혼혈 왕자,153,2009,20090715,개봉,장편,[{'nationNm': '미국'}],전체관람가
0,20232948,생츄어리: 마법의 소원나무,81,2019,20230906,개봉,장편,[{'nationNm': '호주'}],전체관람가
0,20234044,베니스 유령 살인사건,103,2023,20230913,개봉,장편,[{'nationNm': '미국'}],12세이상관람가
0,20233643,닌자터틀: 뮤턴트 대소동,99,2023,20230914,개봉,장편,[{'nationNm': '미국'}],전체관람가
0,20233743,아이유 콘서트 : 더 골든 아워,170,2023,20230913,개봉,장편,[{'nationNm': '한국'}],전체관람가
0,20228016,"여름을 향한 터널, 이별의 출구",82,2022,20230914,개봉,장편,[{'nationNm': '일본'}],12세이상관람가
0,20233235,가문의 영광: 리턴즈,99,2023,20230921,개봉,장편,[{'nationNm': '한국'}],15세이상관람가
0,20233411,그란 투리스모,134,2023,20230920,개봉,장편,[{'nationNm': '미국'}],12세이상관람가
0,20233597,아르고 원정대: 꼬마 영웅 패티의 대모험,94,2022,20230921,개봉,장편,[{'nationNm': '프랑스'}],전체관람가
0,2023C685,플로라 앤 썬,96,2023,20230922,개봉,장편,[{'nationNm': '미국'}],15세이상관람가
0,20227410,천박사 퇴마 연구소: 설경의 비밀,98,2022,20230927,개봉,장편,[{'nationNm': '한국'}],12세이상관람가
0,20197122,1947 보스톤,108,2020,20230927,개봉,장편,[{'nationNm': '한국'}],12세이상관람가
0,20223896,거미집,132,2022,20230927,개봉,장편,[{'nationNm': '한국'}],15세이상관람가
0,20234281,더 넌 2,109,2023,20230927,개봉,장편,[{'nationNm': '미국'}],15세이상관람가
0,20234099,극장판 엉덩이 탐정: 미스터리 가면 ~최강의 대결,73,2022,20230928,개봉,장편,[{'nationNm': '일본'}],전체관람가
0,20234174,80일간의 세계일주,82,2023,20230927,개봉,장편,[{'nationNm': '프랑스'}],전체관람가
0,20228819,30일,119,2022,20231003,개봉,장편,[{'nationNm': '한국'}],12세이상관람가
0,20233879,크리에이터,133,2023,20231003,개봉,장편,[{'nationNm': '미국'}],12세이상관람가
0,20234253,퍼피 구조대: 더 마이티 무비,92,2023,20231006,개봉,장편,[{'nationNm': '미국'}],전체관람가
0,20234277,사나: 저주의 아이,102,2023,20231004,개봉,장편,[{'nationNm': '일본'}],15세이상관람가
0,20227626,화란,123,2022,20231011,개봉,장편,[{'nationNm': '한국'}],15세이상관람가
0,20212667,화사한 그녀,,2023,20231011,개봉,장편,[{'nationNm': '한국'}],12세이상관람가
0,20234133,"기억해, 우리가 사랑한 시간",96,2023,20231011,개봉,장편,[{'nationNm': '중국'}],전체관람가
0,20232894,플라워 킬링 문,205,2023,20231019,개봉,장편,[{'nationNm': '미국'}],청소년관람불가
0,20234853,엑소시스트: 믿는 자,110,2023,20231018,개봉,장편,[{'nationNm': '미국'}],15세이상관람가
0,20234213,익스펜더블 4,103,2023,20231018,개봉,장편,[{'nationNm': '미국'}],청소년관람불가
0,20233178,블루 자이언트,119,2023,20231018,개봉,장편,[{'nationNm': '일본'}],12세이상관람가
0,20233653,마브카 : 숲의 노래,98,2023,20231018,개봉,장편,"[{'nationNm': '우크라이나'}, {'nationNm': '미국'}]",전체관람가
0,20234664,그대들은 어떻게 살 것인가,123,2023,20231025,개봉,장편,[{'nationNm': '일본'}],전체관람가
0,20224517,용감한 시민,112,2022,20231025,개봉,장편,[{'nationNm': '한국'}],15세이상관람가
0,20230981,빌리와 용감한 녀석들: 황금 달걀 구조대,83,2021,20231026,개봉,장편,[{'nationNm': '멕시코'}],전체관람가
0,20231681,오픈 더 도어,71,2022,20231025,개봉,장편,[{'nationNm': '한국'}],15세이상관람가
0,20200622,소년들,123,2020,20231101,개봉,장편,[{'nationNm': '한국'}],15세이상관람가
0,20234666,톡 투 미,94,2023,20231101,개봉,장편,"[{'nationNm': '호주'}, {'nationNm': '영국'}]",15세이상관람가
0,20235459,테일러 스위프트 디 에라스 투어,168,2023,20231103,개봉,장편,[{'nationNm': '미국'}],전체관람가
0,20234722,마이 샤이니 월드,111,2023,20231103,개봉,장편,[{'nationNm': '한국'}],전체관람가
0,20235034,더 마블스,104,2023,20231108,개봉,장편,[{'nationNm': '미국'}],12세이상관람가
0,20225894,뉴 노멀,112,2023,20231108,개봉,장편,[{'nationNm': '한국'}],15세이상관람가
0,20235030,프레디의 피자가게,109,2023,20231115,개봉,장편,[{'nationNm': '미국'}],12세이상관람가
0,20234797,헝거게임: 노래하는 새와 뱀의 발라드,157,2023,20231115,개봉,장편,[{'nationNm': '미국'}],15세이상관람가
0,20234293,이빨요정 비올레타: 요정나라로 돌아갈래!,79,2022,20231118,개봉,장편,[{'nationNm': '독일'}],전체관람가
0,20217425,더 와일드: 야수들의 전쟁,110,2023,20231115,개봉,장편,[{'nationNm': '한국'}],청소년관람불가
0,20212866,서울의 봄,141,2022,20231122,개봉,장편,[{'nationNm': '한국'}],12세이상관람가
0,20234957,스노우 폭스: 썰매개가 될 거야!,92,2019,20231123,개봉,장편,[{'nationNm': '미국'}],전체관람가
0,20230966,사채소년,105,2023,20231122,개봉,장편,[{'nationNm': '한국'}],15세이상관람가
0,20202247,싱글 인 서울,102,2023,20231129,개봉,장편,[{'nationNm': '한국'}],12세이상관람가
0,20234114,괴물,126,2023,20231129,개봉,장편,[{'nationNm': '일본'}],12세이상관람가
0,20234798,극장판 우당탕탕 은하안전단: 진정한 용기!,64,2022,20231130,개봉,장편,[{'nationNm': '한국'}],전체관람가
0,20235261,극장판 파워 디지몬 더 비기닝,80,2023,20231129,개봉,장편,[{'nationNm': '일본'}],12세이상관람가
0,20190324,3일의 휴가,105,2020,20231206,개봉,장편,[{'nationNm': '한국'}],12세이상관람가
0,20235098,나폴레옹,158,2023,20231206,개봉,장편,[{'nationNm': '미국'}],15세이상관람가
0,20234673,뽀로로 극장판 슈퍼스타 대모험,77,2023,20231213,개봉,장편,[{'nationNm': '한국'}],전체관람가
0,20235697,엔시티 네이션 : 투 더 월드 인 시네마,102,2023,20231206,개봉,장편,[{'nationNm': '한국'}],전체관람가
0,20235698,쏘우 X,118,2023,20231213,개봉,장편,[{'nationNm': '미국'}],청소년관람불가
0,20235980,말하고 싶은 비밀,110,2023,20231213,개봉,장편,[{'nationNm': '일본'}],전체관람가
0,20203702,노량: 죽음의 바다,152,2022,20231220,개봉,장편,[{'nationNm': '한국'}],12세이상관람가
0,20235735,아쿠아맨과 로스트 킹덤,123,2023,20231220,개봉,장편,[{'nationNm': '미국'}],12세이상관람가
0,20236146,신차원! 짱구는 못말려 더 무비 초능력 대결전 ~날아라 수제김밥~,94,2023,20231222,개봉,장편,[{'nationNm': '일본'}],전체관람가
0,20235596,트롤: 밴드 투게더,91,2023,20231220,개봉,장편,[{'nationNm': '미국'}],전체관람가
0,20233299,크레센도,111,2023,20231220,개봉,장편,[{'nationNm': '미국'}],전체관람가
0,20236045,"바다 탐험대 옥토넛 어보브 앤 비욘드: 버드, 옥토경보를 울려라!",68,2023,20231227,개봉,장편,[{'nationNm': '영국'}],전체관람가
0,20235290,도티와 영원의 탑,86,2023,20231227,개봉,장편,[{'nationNm': '한국'}],전체관람가
0,20236080,류이치 사카모토: 오퍼스,103,2023,20231227,개봉,장편,[{'nationNm': '일본'}],전체관람가
0,20235834,위시,94,2023,20240103,개봉,장편,[{'nationNm': '미국'}],전체관람가
0,20235253,외계+인 2부,122,2023,20240110,개봉,장편,[{'nationNm': '한국'}],12세이상관람가
0,20235583,인투 더 월드,91,2023,20240110,개봉,장편,[{'nationNm': '미국'}],전체관람가
0,20235353,길위에 김대중,125,2023,20240110,개봉,장편,[{'nationNm': '한국'}],12세이상관람가
0,20236557,스즈메의 문단속: 다녀왔어,121,2022,20240110,개봉,장편,[{'nationNm': '일본'}],12세이상관람가
0,20206946,시민덕희,113,2021,20240124,개봉,장편,[{'nationNm': '한국'}],15세이상관람가
0,20235854,덤 머니,105,2023,20240117,개봉,장편,[{'nationNm': '미국'}],15세이상관람가
0,20236464,도그맨,114,2023,20240124,개봉,장편,[{'nationNm': '프랑스'}],15세이상관람가
0,20236180,웡카,116,2023,20240131,개봉,장편,[{'nationNm': '미국'}],전체관람가
0,20247074,건국전쟁,100,2023,20240201,개봉,장편,[{'nationNm': '한국'}],12세이상관람가
0,20234730,추락의 해부,151,2023,20240131,개봉,장편,[{'nationNm': '프랑스'}],15세이상관람가
0,20246964,정글번치: 월드투어,88,2023,20240131,개봉,장편,[{'nationNm': '프랑스'}],전체관람가
0,20212668,도그데이즈,119,2023,20240207,개봉,장편,[{'nationNm': '한국'}],12세이상관람가
0,20211477,데드맨,108,2023,20240207,개봉,장편,[{'nationNm': '한국'}],15세이상관람가
0,20231415,소풍,113,2024,20240207,개봉,장편,[{'nationNm': '한국'}],12세이상관람가
0,20234581,아가일,138,2023,20240207,개봉,장편,[{'nationNm': '미국'}],12세이상관람가
0,20246966,아기상어 극장판: 사이렌 스톤의 비밀,83,2023,20240207,개봉,장편,[{'nationNm': '미국'}],전체관람가
0,20247076,"귀멸의 칼날: 인연의 기적, 그리고 합동 강화 훈련으로",103,2023,20240214,개봉,장편,[{'nationNm': '일본'}],15세이상관람가
0,20246989,스노우 퍼핀즈,70,2023,20240215,개봉,장편,[{'nationNm': '스페인'}],전체관람가
0,20234675,파묘,133,2024,20240222,개봉,장편,[{'nationNm': '한국'}],15세이상관람가
0,20247437,브레드이발소: 셀럽 인 베이커리타운,73,2024,20240301,개봉,장편,[{'nationNm': '한국'}],전체관람가
0,20247219,사운드 오브 프리덤,131,2023,20240221,개봉,장편,[{'nationNm': '미국'}],15세이상관람가
0,20247063,바튼 아카데미,133,2023,20240221,개봉,장편,[{'nationNm': '미국'}],15세이상관람가
0,20236295,듄: 파트2,165,2024,20240228,개봉,장편,[{'nationNm': '미국'}],12세이상관람가
0,20247473,아이엠 티라노,77,2022,20240301,개봉,장편,[{'nationNm': '중국'}],전체관람가
0,20236732,가여운 것들,141,2023,20240306,개봉,장편,[{'nationNm': '미국'}],청소년관람불가
0,20234789,패스트 라이브즈,105,2023,20240306,개봉,장편,[{'nationNm': '미국'}],12세이상관람가
0,20234808,생츄어리 2 : 쿼카가 너무해,87,2020,20240307,개봉,장편,[{'nationNm': '호주'}],전체관람가
0,20247782,랜드 오브 배드,113,2024,20240313,개봉,장편,[{'nationNm': '미국'}],15세이상관람가
0,20236488,밥 말리: 원 러브,106,2023,20240313,개봉,장편,[{'nationNm': '미국'}],15세이상관람가
0,20247593,용감한 돌고래 벨루와 바닷속 친구들,82,2023,20240313,개봉,장편,[{'nationNm': '캐나다'}],전체관람가
0,20236714,극장판 스파이 패밀리 코드 : 화이트,110,2023,20240320,개봉,장편,[{'nationNm': '일본'}],12세이상관람가
0,20248393,이승윤 콘서트 도킹 : 리프트오프,153,2024,20240322,개봉,장편,[{'nationNm': '한국'}],전체관람가
0,20231459,탐정 말로,109,2022,20240321,개봉,장편,"[{'nationNm': '아일랜드'}, {'nationNm': '미국'}]",15세이상관람가
0,20231041,댓글부대,109,2024,20240327,개봉,장편,[{'nationNm': '한국'}],15세이상관람가
0,20248496,고질라 X 콩: 뉴 엠파이어,114,2024,20240327,개봉,장편,[{'nationNm': '미국'}],12세이상관람가
0,20219375,1980,98,2024,20240327,개봉,장편,[{'nationNm': '한국'}],12세이상관람가
0,20248222,기동전사 건담 시드 프리덤,125,2024,20240403,개봉,장편,[{'nationNm': '일본'}],12세이상관람가
0,20235838,악은 존재하지 않는다,106,2023,20240327,개봉,장편,[{'nationNm': '일본'}],12세이상관람가
0,20247673,오멘: 저주의 시작,119,2024,20240403,개봉,장편,[{'nationNm': '미국'}],15세이상관람가
0,20247780,비키퍼,105,2023,20240403,개봉,장편,[{'nationNm': '미국'}],청소년관람불가
0,20201502,유미의 세포들 더 무비,93,2024,20240403,개봉,장편,[{'nationNm': '한국'}],전체관람가
0,20236230,씬,102,2024,20240403,개봉,장편,[{'nationNm': '한국'}],15세이상관람가
0,20236614,쿵푸팬더4,93,2024,20240410,개봉,장편,[{'nationNm': '미국'}],전체관람가
0,20247294,골드핑거,126,2023,20240410,개봉,장편,[{'nationNm': '홍콩'}],15세이상관람가
0,20248586,슈가│어거스트 디 투어 ‘디-데이’ 더 무비,,2024,20240410,개봉,장편,[{'nationNm': '한국'}],12세이상관람가
0,20248466,고스트버스터즈: 오싹한 뉴욕,114,2023,20240417,개봉,장편,[{'nationNm': '미국'}],12세이상관람가
0,20228797,범죄도시4,109,2024,20240424,개봉,장편,[{'nationNm': '한국'}],15세이상관람가
0,19950095,레옹,132,1994,19950218,개봉,장편,[{'nationNm': '프랑스'}],연소자관람불가
0,20249318,챌린저스,131,2024,20240424,개봉,장편,[{'nationNm': '미국'}],15세이상관람가
0,20248493,몬스터 프렌즈,75,2023,20240425,개봉,장편,[{'nationNm': '스페인'}],전체관람가
0,20247355,여행자의 필요,90,2024,20240424,개봉,장편,[{'nationNm': '한국'}],12세이상관람가
0,20233271,땅에 쓰는 시,113,2024,20240417,개봉,장편,[{'nationNm': '한국'}],전체관람가
0,20235613,스턴트맨,126,2024,20240501,개봉,장편,[{'nationNm': '미국'}],15세이상관람가
0,20249313,"포켓몬스터: 성도지방 이야기, 최종장",83,2001,20240501,개봉,장편,[{'nationNm': '일본'}],전체관람가
0,20249353,꼬마참새 리차드: 신비한 보석 탐험대,84,2023,20240501,개봉,장편,"[{'nationNm': '독일'}, {'nationNm': '벨기에'}, {'nationNm': '노르웨이'}]",전체관람가
0,20249133,극장판 실바니안 패밀리: 프레야의 선물,66,2023,20240501,개봉,장편,[{'nationNm': '일본'}],전체관람가
0,20247783,혹성탈출: 새로운 시대,144,2024,20240508,개봉,장편,[{'nationNm': '미국'}],12세이상관람가
0,20249317,악마와의 토크쇼,92,2023,20240508,개봉,장편,[{'nationNm': '호주'}],15세이상관람가
0,19950084,쇼생크 탈출,142,1994,19950204,개봉,장편,[{'nationNm': '미국'}],고등학생이상관람가
0,20170321,목소리의 형태,129,2016,20170509,개봉,장편,[{'nationNm': '일본'}],전체관람가
0,20203557,그녀가 죽었다,102,2024,20240515,개봉,장편,[{'nationNm': '한국'}],15세이상관람가
0,20249507,극장판 하이큐!! 쓰레기장의 결전,84,2024,20240515,개봉,장편,[{'nationNm': '일본'}],전체관람가
0,20249305,가필드 더 무비,100,2023,20240515,개봉,장편,[{'nationNm': '미국'}],전체관람가
0,20236674,이프: 상상의 친구,103,2024,20240515,개봉,장편,[{'nationNm': '미국'}],전체관람가
0,20236653,퓨리오사: 매드맥스 사가,148,2024,20240522,개봉,장편,[{'nationNm': '미국'}],15세이상관람가
0,20249416,청춘 18X2 너에게로 이어지는 길,124,2024,20240522,개봉,장편,"[{'nationNm': '대만'}, {'nationNm': '일본'}]",12세이상관람가
0,20234045,설계자,99,2022,20240529,개봉,장편,[{'nationNm': '한국'}],15세이상관람가
0,20240162,빼꼼: 미션 투 마스,82,2023,20240601,개봉,장편,[{'nationNm': '중국'}],전체관람가
0,20191143,원더랜드,113,2024,20240605,개봉,장편,[{'nationNm': '한국'}],12세이상관람가
0,20240125,나쁜 녀석들: 라이드 오어 다이,115,2024,20240606,개봉,장편,[{'nationNm': '미국'}],15세이상관람가
0,20240195,명탐정 코난 VS 괴도 키드,80,2024,20240605,개봉,장편,[{'nationNm': '일본'}],12세이상관람가
0,20247397,존 오브 인터레스트,104,2023,20240605,개봉,장편,[{'nationNm': '미국'}],12세이상관람가
0,20235974,인사이드 아웃 2,96,2024,20240612,개봉,장편,[{'nationNm': '미국'}],전체관람가
0,20218459,드라이브,89,2022,20240612,개봉,장편,[{'nationNm': '한국'}],15세이상관람가
0,20240641,밤낚시,12,2024,,기타,단편,[{'nationNm': '한국'}],전체관람가
0,20240479,타로,93,2024,20240614,개봉,장편,[{'nationNm': '한국'}],청소년관람불가
0,20248465,하이재킹,100,2024,20240621,개봉,장편,[{'nationNm': '한국'}],12세이상관람가
0,20234413,프렌치 수프,135,2023,20240619,개봉,장편,[{'nationNm': '프랑스'}],12세이상관람가
0,20234622,북극백화점의 안내원,70,2023,20240619,개봉,장편,[{'nationNm': '일본'}],전체관람가
0,20240189,"1초 앞, 1초 뒤",119,2023,20240619,개봉,장편,[{'nationNm': '일본'}],전체관람가
0,20208245,핸섬가이즈,101,2023,20240626,개봉,장편,[{'nationNm': '한국'}],15세이상관람가
0,20247811,콰이어트 플레이스: 첫째 날,99,2024,20240626,개봉,장편,[{'nationNm': '미국'}],15세이상관람가
0,20240541,언더더씨: 마법 산호초를 찾아서,66,2023,20240627,개봉,장편,[{'nationNm': '독일'}],전체관람가
0,20212932,탈주,94,2024,20240703,개봉,장편,[{'nationNm': '한국'}],12세이상관람가
0,20235926,퍼펙트 데이즈,124,2023,20240703,개봉,장편,[{'nationNm': '일본'}],12세이상관람가
0,20208911,탈출: 프로젝트 사일런스,95,2024,20240712,개봉,장편,[{'nationNm': '한국'}],15세이상관람가
0,20240850,극장판 도라에몽: 진구의 지구 교향곡,114,2024,20240710,개봉,장편,[{'nationNm': '일본'}],전체관람가
0,20240781,플라이 미 투 더 문,131,2024,20240712,개봉,장편,"[{'nationNm': '미국'}, {'nationNm': '영국'}]",12세이상관람가
0,20241343,우마무스메 프리티 더비 새로운 시대의 문,107,2024,20240711,개봉,장편,[{'nationNm': '일본'}],전체관람가
0,20240735,러브 라이즈 블리딩,103,2023,20240710,개봉,장편,[{'nationNm': '미국'}],청소년관람불가
0,20240983,명탐정 코난: 100만 달러의 펜타그램,110,2024,20240717,개봉,장편,[{'nationNm': '일본'}],12세이상관람가
0,20247440,슈퍼배드 4,93,2024,20240724,개봉,장편,[{'nationNm': '미국'}],전체관람가
0,20241984,2023 영탁 단독 콘서트 : 탁쇼2,118,2024,20240718,개봉,장편,[{'nationNm': '한국'}],전체관람가
0,20247781,데드풀과 울버린,127,2024,20240724,개봉,장편,[{'nationNm': '미국'}],청소년관람불가
0,20224666,파일럿,110,2023,20240731,개봉,장편,[{'nationNm': '한국'}],12세이상관람가
0,20249733,사랑의 하츄핑,86,2024,20240807,개봉,장편,[{'nationNm': '한국'}],전체관람가
0,20242098,헬로카봇 올스타 스페셜,67,2024,20240731,개봉,장편,[{'nationNm': '한국'}],전체관람가
0,20233038,리볼버,114,2023,20240807,개봉,장편,[{'nationNm': '한국'}],15세이상관람가
0,20241924,극장총집편 봇치 더 록! 전편,89,2024,20240807,개봉,장편,[{'nationNm': '일본'}],12세이상관람가
0,20241337,트위스터스,122,2024,20240814,개봉,장편,[{'nationNm': '미국'}],12세이상관람가
0,20249188,에이리언: 로물루스,118,2024,20240814,개봉,장편,[{'nationNm': '미국'}],15세이상관람가
0,20204271,행복의 나라,124,2024,20240814,개봉,장편,[{'nationNm': '한국'}],12세이상관람가
0,20231042,빅토리,119,2024,20240814,개봉,장편,[{'nationNm': '한국'}],12세이상관람가
0,20242473,세븐틴 투어 ‘팔로우’ 어게인 투 시네마,103,2024,20240814,개봉,장편,[{'nationNm': '한국'}],전체관람가
0,20225969,늘봄가든,90,2024,20240821,개봉,장편,[{'nationNm': '한국'}],15세이상관람가
0,20229365,필사의 추격,109,2024,20240821,개봉,장편,[{'nationNm': '한국'}],15세이상관람가
0,20241098,극장판 블루 록 -에피소드 나기-,89,2024,20240821,개봉,장편,[{'nationNm': '일본'}],12세이상관람가
0,20242794,임영웅│아임 히어로 더 스타디움,108,2024,20240828,개봉,장편,[{'nationNm': '한국'}],전체관람가
0,20226545,한국이 싫어서,106,2023,20240828,개봉,장편,[{'nationNm': '한국'}],12세이상관람가
0,20240925,"안녕, 할부지",94,2024,20240904,개봉,장편,[{'nationNm': '한국'}],전체관람가
0,20242541,룩백,57,2024,20240905,개봉,장편,[{'nationNm': '일본'}],전체관람가
0,20240669,비틀쥬스 비틀쥬스,104,2024,20240904,개봉,장편,[{'nationNm': '미국'}],12세이상관람가
0,20239670,베테랑2,118,2024,20240913,개봉,장편,[{'nationNm': '한국'}],15세이상관람가
0,20242495,브레드이발소: 빵스타의 탄생,76,2024,20240914,개봉,장편,[{'nationNm': '한국'}],전체관람가
0,20243824,오지: 사라진 숲을 찾아서,86,2023,20240913,개봉,장편,[{'nationNm': '미국'}],전체관람가
0,20249554,스픽 노 이블,,2024,20240911,개봉,장편,[{'nationNm': '미국'}],15세이상관람가
0,20149629,비긴 어게인,103,2013,20140813,개봉,장편,[{'nationNm': '미국'}],15세이상관람가
0,20249899,트랜스포머 ONE,103,2024,20240925,개봉,장편,[{'nationNm': '미국'}],전체관람가
0,20234613,더 커버넌트,123,2023,20240927,개봉,장편,[{'nationNm': '미국'}],15세이상관람가
0,20244002,극장총집편 봇치 더 록! 후편,75,2024,20240925,개봉,장편,[{'nationNm': '일본'}],전체관람가
0,20243721,정국: 아이 엠 스틸,93,2024,20240918,개봉,장편,[{'nationNm': '한국'}],전체관람가
0,20249434,조커: 폴리 아 되,137,2024,20241001,개봉,장편,[{'nationNm': '미국'}],15세이상관람가
0,20232949,대도시의 사랑법,118,2024,20241001,개봉,장편,[{'nationNm': '한국'}],15세이상관람가
0,20248492,와일드 로봇,101,2024,20241001,개봉,장편,[{'nationNm': '미국'}],전체관람가
0,2022B512,명탐정 코난: 시한장치의 마천루,94,1997,20241002,개봉,장편,[{'nationNm': '일본'}],12세이상관람가
0,20244001,"극장판 엉덩이 탐정: 안녕, 나의 영원한 친구",72,2024,20241001,개봉,장편,[{'nationNm': '일본'}],전체관람가
0,20244341,너의 색,100,2024,20241012,개봉,장편,[{'nationNm': '일본'}],전체관람가
0,20227979,보통의 가족,108,2022,20241016,개봉,장편,[{'nationNm': '한국'}],15세이상관람가
0,20185249,더러운 돈에 손대지 마라,100,2019,20241017,개봉,장편,[{'nationNm': '한국'}],15세이상관람가
0,20241497,스마일 2,127,2024,20241016,개봉,장편,[{'nationNm': '미국'}],청소년관람불가
0,20248129,엘리자벳: 더 뮤지컬 라이브,163,2024,20241016,개봉,장편,[{'nationNm': '한국'}],12세이상관람가
0,20244944,아이브 더 퍼스트 월드투어 인 시네마,111,2024,20241016,개봉,장편,[{'nationNm': '한국'}],전체관람가
0,20240941,베놈: 라스트 댄스,108,2024,20241023,개봉,장편,[{'nationNm': '미국'}],15세이상관람가
0,20244587,리틀 엠마,80,2024,20241025,개봉,장편,[{'nationNm': '미국'}],전체관람가
0,20244945,마이펫의 컴백홈 어드벤처,87,2024,20241023,개봉,장편,[{'nationNm': '미국'}],전체관람가
0,20244513,룸 넥스트 도어,106,2024,20241023,개봉,장편,[{'nationNm': '미국'}],15세이상관람가
0,20233057,아마존 활명수,112,2024,20241030,개봉,장편,[{'nationNm': '한국'}],12세이상관람가
0,20245399,4분 44초,44,2022,20241101,개봉,장편,[{'nationNm': '한국'}],12세이상관람가
0,20242375,롱레그스,101,2023,20241030,개봉,장편,[{'nationNm': '미국'}],15세이상관람가
0,20244257,호두까기 인형과 마술피리,87,2022,20241030,개봉,장편,[{'nationNm': '러시아'}],전체관람가
0,20233261,청설,108,2024,20241106,개봉,장편,[{'nationNm': '한국'}],전체관람가
0,20245078,레드 원,123,2024,20241106,개봉,장편,[{'nationNm': '미국'}],12세이상관람가
0,20245121,데드라인,85,2024,20241106,개봉,장편,[{'nationNm': '한국'}],12세이상관람가
0,20244912,아노라,139,2024,20241106,개봉,장편,[{'nationNm': '미국'}],청소년관람불가
0,20242170,빌리와 용감한 녀석들: 스노우 베어 구조대,80,2022,20241107,개봉,장편,[{'nationNm': '멕시코'}],전체관람가
0,20242248,글래디에이터 Ⅱ,147,2024,20241113,개봉,장편,[{'nationNm': '미국'}],청소년관람불가
0,20190353,사흘,94,2020,20241114,개봉,장편,[{'nationNm': '한국'}],15세이상관람가
0,20179281,컨택트,116,2016,20170202,개봉,장편,[{'nationNm': '미국'}],12세이상관람가
0,20247693,위키드,160,2024,20241120,개봉,장편,[{'nationNm': '미국'}],전체관람가
0,20225184,히든페이스,115,2024,20241120,개봉,장편,[{'nationNm': '한국'}],청소년관람불가
0,20245801,나의 히어로 아카데미아 더 무비: 유어 넥스트,109,2024,20241120,개봉,장편,[{'nationNm': '일본'}],12세이상관람가
0,20240737,모아나 2,99,2024,20241127,개봉,장편,"[{'nationNm': '미국'}, {'nationNm': '캐나다'}]",전체관람가
0,20212352,1승,107,2021,20241204,개봉,장편,[{'nationNm': '한국'}],12세이상관람가
0,20247017,대가족,106,2023,20241211,개봉,장편,[{'nationNm': '한국'}],12세이상관람가
0,20200142,소방관,106,2024,20241204,개봉,장편,[{'nationNm': '한국'}],12세이상관람가
0,20246609,"플레이브 팬 콘서트 ‘헬로, 아스테룸!’ 앙코르 인 시네마",194,2024,20241204,개봉,장편,[{'nationNm': '한국'}],전체관람가
0,20235994,원정빌라,86,2024,20241204,개봉,장편,[{'nationNm': '한국'}],15세이상관람가
0,20244762,서브스턴스,141,2024,20241211,개봉,장편,[{'nationNm': '영국'}],청소년관람불가
0,20247430,퍼스트레이디,105,2024,20241212,개봉,장편,[{'nationNm': '한국'}],12세이상관람가
0,20240193,무파사: 라이온 킹,117,2024,20241218,개봉,장편,[{'nationNm': '미국'}],전체관람가
0,20245977,극장판 짱구는 못말려: 우리들의 공룡일기,105,2024,20241218,개봉,장편,[{'nationNm': '일본'}],전체관람가
0,20228796,하얼빈,113,2024,20241224,개봉,장편,[{'nationNm': '한국'}],15세이상관람가
0,20246201,니코: 오로라 원정대의 모험,85,2024,20241225,개봉,장편,[{'nationNm': '독일'}],전체관람가
0,20246361,뽀로로 극장판 바닷속 대모험,71,2024,20250101,개봉,장편,[{'nationNm': '한국'}],전체관람가
0,20246777,더 폴: 디렉터스 컷,119,2024,20241225,개봉,장편,[{'nationNm': '영국'}],12세이상관람가
0,20190300,보고타: 마지막 기회의 땅,106,2024,20241231,개봉,장편,[{'nationNm': '한국'}],15세이상관람가
0,20244167,수퍼 소닉3,109,2024,20250101,개봉,장편,[{'nationNm': '미국'}],전체관람가
0,20244850,시빌 워: 분열의 시대,109,2024,20241231,개봉,장편,[{'nationNm': '미국'}],15세이상관람가
0,20248082,동화지만 청불입니다,109,2024,20250108,개봉,장편,[{'nationNm': '한국'}],청소년관람불가
